,description,finished,has_items,item_types,maximum_depth,number_of_dependents,sample_id,sample_name,target_depths,targets
0,"{""level"": ""3"", ""design"": ""g2"", ""total"": 3}",False,False,[],2,2,27518,CEN.PK2 - MAT A ::: pMOD4G-dcas9-mxi1 | pMOD-HOKan-pGRR-W20-RGR-W34 | pMOD6-leu-pGRR-W5W34-RGR-W20 | pMOD6-pGRR-W20-RGR-W5,[2],[27544]
1,"{""a_strains"": [27518, 27517, 27515, 27514, 27512, 27511, 27500, 27498, 27419, 27417, 27403]}",True,True,"['Yeast Glycerol Stock', 'Yeast Plate']",2,12,27543,CEN.PK2 - MAT alpha ::: pMODKan-HO-pACT1-ZEV4 | pMOD8-pGALZ4-URGR-W20 | pMOD6-pGRR-W34-yeGFP,"[2, 2, 2, 2, 2, 2, 2, 2, 2, 2, 2]","[27544, 27545, 27546, 27547, 27548, 27549, 27550, 27551, 27552, 27553, 27554]"
2,"{""level"": ""3"", ""design"": ""g2"", ""total"": 3}",False,False,[],2,2,27517,CEN.PK2 - MAT A ::: pMOD4G-dcas9-mxi1 | pMOD-HOKan-pGRR-W20-RGR-W34 | pMOD6-leu-pGRR-W5W34-RGR-W20 | pMOD8-pGRR-W20-RGR-W5,[2],[27545]
3,"{""level"": ""3"", ""design"": ""g2"", ""total"": 3}",False,False,[],2,2,27515,CEN.PK2 - MAT A ::: pMOD4G-dcas9-mxi1 | pMOD-LTR1-Nat-pGRR-W20-RGR-W34 | pMOD6-leu-pGRR-W5W34-RGR-W20 | pMOD6-pGRR-W20-RGR-W5,[2],[27546]
4,"{""level"": ""3"", ""design"": ""g2"", ""total"": 3}",False,False,[],2,2,27514,CEN.PK2 - MAT A ::: pMOD4G-dcas9-mxi1 | pMOD-LTR1-Nat-pGRR-W20-RGR-W34 | pMOD6-leu-pGRR-W5W34-RGR-W20 | pMOD8-pGRR-W20-RGR-W5,[2],[27547]
5,"{""level"": ""3"", ""design"": ""g2"", ""total"": 3}",False,False,[],2,2,27512,CEN.PK2 - MAT A ::: pMOD4G-dcas9-mxi1 | pMOD-LTR2-Bleo-pGRR-W20-RGR-W34 | pMOD6-leu-pGRR-W5W34-RGR-W20 | pMOD6-pGRR-W20-RGR-W5,[2],[27548]
6,"{""level"": ""3"", ""design"": ""g2"", ""total"": 3}",False,False,[],2,2,27511,CEN.PK2 - MAT A ::: pMOD4G-dcas9-mxi1 | pMOD-LTR2-Bleo-pGRR-W20-RGR-W34 | pMOD6-leu-pGRR-W5W34-RGR-W20 | pMOD8-pGRR-W20-RGR-W5,[2],[27549]
7,"{""level"": ""3"", ""design"": ""g2"", ""total"": 3}",False,False,[],2,2,27500,CEN.PK2 - MAT A ::: pMOD4G-dcas9-mxi1 | pMOD-HOKan-pGRR-W20-RGR-W34 | pMOD-LTR2-Bleo-pGRR-W20-RGR-W5 | pMOD6-leu-pGRR-W5W34-RGR-W20,[2],[27550]
8,"{""level"": ""3"", ""design"": ""g2"", ""total"": 3}",False,False,[],2,2,27498,CEN.PK2 - MAT A ::: pMOD4G-dcas9-mxi1 | pMOD-LTR1-Nat-pGRR-W20-RGR-W34 | pMOD-LTR2-Bleo-pGRR-W20-RGR-W5 | pMOD6-leu-pGRR-W5W34-RGR-W20,[2],[27551]
9,"{""level"": ""3"", ""design"": ""g2"", ""total"": 3}",False,False,[],2,2,27419,CEN.PK2 - MAT A ::: pMOD4G-dcas9-mxi1 | pMOD-HOKan-pGRR-W20-RGR-W34 | pMOD-LTR2-Bleo-pGRR-W20W8-RGR-W5 | pMOD6-leu-pGRR-W5W34-RGR-W20,[2],[27552]
10,"{""level"": ""3"", ""design"": ""g2"", ""total"": 3}",False,False,[],2,2,27417,CEN.PK2 - MAT A ::: pMOD4G-dcas9-mxi1 | pMOD-LTR1-Nat-pGRR-W20-RGR-W34 | pMOD-LTR2-Bleo-pGRR-W20W8-RGR-W5 | pMOD6-leu-pGRR-W5W34-RGR-W20,[2],[27553]
11,"{""level"": ""3"", ""design"": ""g2"", ""total"": 3}",False,False,[],2,2,27403,CEN.PK2 - MAT A ::: pMOD4G-dcas9-mxi1 | pMOD-HOKan-pGRR-W20-RGR-W34 | pMOD-LTR2-Bleo-pGRR-W8W20-RGR-W5 | pMOD6-leu-pGRR-W5W34-RGR-W20,[2],[27554]
12,"{""level"": ""3"", ""design"": ""g2"", ""total"": 3}",False,False,[],2,2,27508,CEN.PK2 - MAT A ::: pMOD4G-dcas9-mxi1 | pMOD-HOKan-pGRR-W20-RGR-W5 | pMOD-LTR1-Nat-pGRR-W20-RGR-W34 | pMOD6-leu-pGRR-W5W34-RGR-W20,[2],[27556]
13,"{""a_strains"": [27508, 27506, 27400]}",False,True,['Yeast Plate'],2,4,27555,CEN.PK2 - MAT alpha ::: pMODKan-HO-pACT1-ZEV4 | pMOD8-pGALZ4-URGR-W20 | pMOD6-pGRR-W5-yeGFP,"[2, 2, 2]","[27556, 27557, 27558]"
14,"{""level"": ""3"", ""design"": ""g2"", ""total"": 3}",False,False,[],2,2,27506,CEN.PK2 - MAT A ::: pMOD4G-dcas9-mxi1 | pMOD-HOKan-pGRR-W20-RGR-W5 | pMOD-LTR2-Bleo-pGRR-W20-RGR-W34 | pMOD6-leu-pGRR-W5W34-RGR-W20,[2],[27557]
15,"{""level"": ""3"", ""design"": ""g2"", ""total"": 3}",False,False,[],2,2,27400,CEN.PK2 - MAT A ::: pMOD4G-dcas9-mxi1 | pMOD-LTR1-Nat-pGRR-W20-RGR-W34 | pMOD-LTR2-Bleo-pGRR-W8W20-RGR-W5 | pMOD6-leu-pGRR-W5W34-RGR-W20,[2],[27558]
16,"{""level"": ""3"", ""design"": ""g2"", ""total"": 3}",False,False,[],2,3,27503,CEN.PK2 - MAT A ::: pMOD4G-dcas9-mxi1 | pMOD-LTR1-Nat-pGRR-W20W34-RGR-W10 | pMOD-LTR2-Bleo-pGRR-W19W10-RGR-W20 | pMOD8-pGRR-W8W10-RGR-W34,"[2, 2]","[27561, 27563]"
17,"{""a_strains"": [27503]}",False,True,['Yeast Plate'],2,2,27560,CEN.PK2 - MAT alpha ::: pMODKan-HO-pACT1-ZEV4 | pMOD8-pGALZ4-RGR-W10 | pMOD6-pGRR-W34-yeGFP,[2],[27561]
18,"{""a_strains"": [27503]}",True,True,"['Yeast Glycerol Stock', 'Yeast Plate']",2,2,27562,CEN.PK2 - MAT alpha ::: pMODKan-HO-pACT1-ZEV4 | pMOD8-pGALZ4-URGR-W10 | pMOD6-pGRR-W34-yeGFP,[2],[27563]
19,"{""level"": ""3"", ""design"": ""g2"", ""total"": 3}",False,False,[],2,2,27496,CEN.PK2 - MAT A ::: pMOD4G-dcas9-mxi1 | pMOD-NatMX-pGRR-W10W5-RGR-W14 | pMOD6-pGRR-W5-RGR-W34 | pMOD8-pGRR-W14W34-RGR-W5,[2],[27565]
20,"{""a_strains"": [27496, 27493]}",False,False,[],2,3,27564,CEN.PK2 - MAT alpha ::: pMODKan-HO-pACT1-ZEV4 | pMOD8-pGALZ4-URGR-W5 | pMOD6-pGRR-W34-yeGFP,"[2, 2]","[27565, 27566]"
21,"{""level"": ""3"", ""design"": ""g2"", ""total"": 3}",False,False,[],2,2,27493,CEN.PK2 - MAT A ::: pMOD4G-dcas9-mxi1 | pMOD-LTR2-Bleo-pGRR-W5-RGR-W34 | pMOD-NatMX-pGRR-W10W5-RGR-W14 | pMOD8-pGRR-W14W34-RGR-W5,[2],[27566]
22,"{""level"": ""3"", ""design"": ""g2"", ""total"": 3}",False,False,[],2,2,27490,CEN.PK2 - MAT A ::: pMOD4G-dcas9-mxi1 | pMOD-LTR2-Bleo-pGRR-W5W17-RGR-W8 | pMOD-NatMX-pGRR-W10W5-RGR-W14 | pMOD6-pGRR-W8W14-RGR-W5,[2],[27568]
23,"{""a_strains"": [27490, 27427, 27415, 27413, 27397, 27394]}",True,True,"['Yeast Glycerol Stock', 'Yeast Plate']",2,7,27567,CEN.PK2 - MAT alpha ::: pMODKan-HO-pACT1-ZEV4 | pMOD8-pGALZ4-URGR-W5 | pMOD6-pGRR-W8-yeGFP,"[2, 2, 2, 2, 2, 2]","[27568, 27569, 27570, 27571, 27572, 27573]"
24,"{""level"": ""3"", ""design"": ""g2"", ""total"": 3}",False,False,[],2,2,27427,CEN.PK2 - MAT A ::: pMOD4G-dcas9-mxi1 | pMOD-LTR1-NatMx-pGRR-W5-RGR-W19 | pMOD-LTR3-bleo-pGRR-W19W8-RGR-W5 | pMOD6-pGRR-W5-RGR-W8,[2],[27569]
25,"{""level"": ""3"", ""design"": ""g2"", ""total"": 3}",False,False,[],2,2,27415,CEN.PK2 - MAT A ::: pMOD4G-dcas9-mxi1 | pMOD-LTR1-Nat-pGRR-W22W5-RGR-W20 | pMOD-LTR2-Bleo-pGRR-W20W8-RGR-W5 | pMOD6-pGRR-W5-RGR-W8,[2],[27570]
26,"{""level"": ""3"", ""design"": ""g2"", ""total"": 3}",False,False,[],2,2,27413,CEN.PK2 - MAT A ::: pMOD4G-dcas9-mxi1 | pMOD-LTR2-Bleo-pGRR-W20W8-RGR-W5 | pMOD6-leu-pGRR-W5W34-RGR-W20 | pMOD6-pGRR-W5-RGR-W8,[2],[27571]
27,"{""level"": ""3"", ""design"": ""g2"", ""total"": 3}",False,False,[],2,2,27397,CEN.PK2 - MAT A ::: pMOD4G-dcas9-mxi1 | pMOD-LTR1-Nat-pGRR-W22W5-RGR-W20 | pMOD-LTR2-Bleo-pGRR-W8W20-RGR-W5 | pMOD6-pGRR-W5-RGR-W8,[2],[27572]
28,"{""level"": ""3"", ""design"": ""g2"", ""total"": 3}",False,False,[],2,2,27394,CEN.PK2 - MAT A ::: pMOD4G-dcas9-mxi1 | pMOD-LTR2-Bleo-pGRR-W8W20-RGR-W5 | pMOD6-leu-pGRR-W5W34-RGR-W20 | pMOD6-pGRR-W5-RGR-W8,[2],[27573]
29,"{""level"": ""3"", ""design"": ""g2"", ""total"": 3}",False,False,[],2,2,27488,CEN.PK2 - MAT A ::: pMOD4G-dcas9-mxi1 | pMOD-LTR1-Nat-pGRR-W17-RGR-W34 | pMOD-LTR3-bleo-pGRR-W19W17-RGR-W5 | pMOD6-pGRR-W5W34-RGR-W17,[2],[27575]
30,"{""a_strains"": [27488, 27484, 27482, 27480, 27442, 27439, 27433, 27430]}",True,True,"['Yeast Glycerol Stock', 'Yeast Plate']",2,9,27574,CEN.PK2 - MAT alpha ::: pMODKan-HO-pACT1-ZEV4 | pMOD8-pGALZ4-URGR-W17 | pMOD6-pGRR-W5-yeGFP,"[2, 2, 2, 2, 2, 2, 2, 2]","[27575, 27576, 27577, 27578, 27579, 27580, 27581, 27582]"
31,"{""level"": ""3"", ""design"": ""g2"", ""total"": 3}",False,False,[],2,2,27484,CEN.PK2 - MAT A ::: pMOD4G-dcas9-mxi1 | pMOD-LTR3-Hyg-pGRR-W17-RGR-W34 | pMOD-LTR3-bleo-pGRR-W19W17-RGR-W5 | pMOD6-pGRR-W5W34-RGR-W17,[2],[27576]
32,"{""level"": ""3"", ""design"": ""g2"", ""total"": 3}",False,False,[],2,2,27482,CEN.PK2 - MAT A ::: pMOD4G-dcas9-mxi1 | pMOD-HOKan-pGRR-W17-RGR-W5 | pMOD-LTR2-Bleo-pGRR-W34W17-RGR-W19 | pMOD6-pGRR-W5W19-RGR-W17,[2],[27577]
33,"{""level"": ""3"", ""design"": ""g2"", ""total"": 3}",False,False,[],2,2,27480,CEN.PK2 - MAT A ::: pMOD4G-dcas9-mxi1 | pMOD-HOKan-pGRR-W17-RGR-W5 | pMOD-LTR2-Bleo-pGRR-W17W17-RGR-W19 | pMOD6-pGRR-W5W19-RGR-W17,[2],[27578]
34,"{""level"": ""3"", ""design"": ""g2"", ""total"": 3}",False,False,[],2,2,27442,CEN.PK2 - MAT A ::: pMOD4G-dcas9-mxi1 | pMOD-LTR3-bleo-pGRR-W19W17-RGR-W34 | pMOD6-pGRR-W5W34-RGR-W17 | pMOD8-pGRR-W19W17-RGR-W5,[2],[27579]
35,"{""level"": ""3"", ""design"": ""g2"", ""total"": 3}",False,False,[],2,2,27439,CEN.PK2 - MAT A ::: pMOD4G-dcas9-mxi1 | pMOD-LTR1-Nat-pGRR-W17-RGR-W34 | pMOD6-pGRR-W5W34-RGR-W17 | pMOD8-pGRR-W19W17-RGR-W5,[2],[27580]
36,"{""level"": ""3"", ""design"": ""g2"", ""total"": 3}",False,False,[],2,2,27433,CEN.PK2 - MAT A ::: pMOD4G-dcas9-mxi1 | pMOD-LTR3-Hyg-pGRR-W17-RGR-W34 | pMOD6-pGRR-W5W34-RGR-W17 | pMOD8-pGRR-W19W17-RGR-W5,[2],[27581]
37,"{""level"": ""3"", ""design"": ""g2"", ""total"": 3}",False,False,[],2,2,27430,CEN.PK2 - MAT A ::: pMOD4G-dcas9-mxi1 | pMOD-HOKan-pGRR-W17-RGR-W20 | pMOD-LTR1-Nat-pGRR-W5W20-RGR-W17 | pMOD8-pGRR-W19W17-RGR-W5,[2],[27582]
38,"{""level"": ""3"", ""design"": ""g2"", ""total"": 3}",False,False,[],2,2,27486,CEN.PK2 - MAT A ::: pMOD4G-dcas9-mxi1 | pMOD-HOKan-pGRR-W17-RGR-W34 | pMOD-LTR3-bleo-pGRR-W19W17-RGR-W5 | pMOD6-pGRR-W5W34-RGR-W17,[2],[27584]
39,"{""a_strains"": [27486, 27478, 27476, 27474, 27436]}",True,True,"['Yeast Glycerol Stock', 'Yeast Plate']",2,6,27583,CEN.PK2 - MAT alpha ::: pMODKan-HO-pACT1-ZEV4 | pMOD8-pGALZ4-URGR-W17 | pMOD6-pGRR-W34-yeGFP,"[2, 2, 2, 2, 2]","[27584, 27585, 27586, 27587, 27588]"
40,"{""level"": ""3"", ""design"": ""g2"", ""total"": 3}",False,False,[],2,2,27478,CEN.PK2 - MAT A ::: pMOD4G-dcas9-mxi1 | pMOD-HOKan-pGRR-W17-RGR-W5 | pMOD-LTR1-Nat-pGRR-W17-RGR-W34 | pMOD6-pGRR-W5W34-RGR-W17,[2],[27585]
41,"{""level"": ""3"", ""design"": ""g2"", ""total"": 3}",False,False,[],2,2,27476,CEN.PK2 - MAT A ::: pMOD4G-dcas9-mxi1 | pMOD-HOKan-pGRR-W17-RGR-W5 | pMOD-LTR3-Hyg-pGRR-W17-RGR-W34 | pMOD6-pGRR-W5W34-RGR-W17,[2],[27586]
42,"{""level"": ""3"", ""design"": ""g2"", ""total"": 3}",False,False,[],2,2,27474,CEN.PK2 - MAT A ::: pMOD4G-dcas9-mxi1 | pMOD-HOKan-pGRR-W17-RGR-W5 | pMOD-LTR3-bleo-pGRR-W19W17-RGR-W34 | pMOD6-pGRR-W5W34-RGR-W17,[2],[27587]
43,"{""level"": ""3"", ""design"": ""g2"", ""total"": 3}",False,False,[],2,2,27436,CEN.PK2 - MAT A ::: pMOD4G-dcas9-mxi1 | pMOD-HOKan-pGRR-W17-RGR-W34 | pMOD6-pGRR-W5W34-RGR-W17 | pMOD8-pGRR-W19W17-RGR-W5,[2],[27588]
44,"{""level"": ""3"", ""design"": ""g2"", ""total"": 3}",False,False,[],2,2,27471,CEN.PK2 - MAT A ::: pMOD4G-dcas9-mxi1 | pMOD-LTR1-NatMx-pGRR-W5-RGR-W19 | pMOD-LTR3-bleo-pGRR-W19W17-RGR-W5 | pMOD6-pGRR-F4W5-RGR-W17,[2],[27590]
45,"{""a_strains"": [27471, 27470, 27469, 27468, 27467, 27466, 27446, 27444]}",True,True,"['Yeast Glycerol Stock', 'Yeast Plate']",2,9,27589,CEN.PK2 - MAT alpha ::: pMODKan-HO-pACT1-ZEV4 | pMOD8-pGALZ4-URGR-W5 | pMOD6-pGRR-W17-yeGFP,"[2, 2, 2, 2, 2, 2, 2, 2]","[27590, 27591, 27592, 27593, 27594, 27595, 27596, 27597]"
46,"{""level"": ""3"", ""design"": ""g2"", ""total"": 3}",False,False,[],2,2,27470,CEN.PK2 - MAT A ::: pMOD4G-dcas9-mxi1 | pMOD-LTR1-NatMx-pGRR-W5-RGR-W19 | pMOD-LTR3-bleo-pGRR-W19W17-RGR-W5 | pMOD6-pGRR-F6W5-RGR-W17,[2],[27591]
47,"{""level"": ""3"", ""design"": ""g2"", ""total"": 3}",False,False,[],2,2,27469,CEN.PK2 - MAT A ::: pMOD4G-dcas9-mxi1 | pMOD-LTR1-NatMx-pGRR-W5-RGR-W19 | pMOD-LTR3-bleo-pGRR-W19W17-RGR-W5 | pMOD6-pGRR-F7W5-RGR-W17,[2],[27592]
48,"{""level"": ""3"", ""design"": ""g2"", ""total"": 3}",False,False,[],2,2,27468,CEN.PK2 - MAT A ::: pMOD4G-dcas9-mxi1 | pMOD-LTR1-NatMx-pGRR-W5-RGR-W19 | pMOD-LTR3-bleo-pGRR-W19W17-RGR-W5 | pMOD6-pGRR-F10W5-RGR-W17,[2],[27593]
49,"{""level"": ""3"", ""design"": ""g2"", ""total"": 3}",False,False,[],2,2,27467,CEN.PK2 - MAT A ::: pMOD4G-dcas9-mxi1 | pMOD-LTR1-NatMx-pGRR-W5-RGR-W19 | pMOD-LTR3-bleo-pGRR-W19W17-RGR-W5 | pMOD6-pGRR-W5W34-RGR-W17,[2],[27594]
50,"{""level"": ""3"", ""design"": ""g2"", ""total"": 3}",False,False,[],2,2,27466,CEN.PK2 - MAT A ::: pMOD4G-dcas9-mxi1 | pMOD-LTR1-NatMx-pGRR-W5-RGR-W19 | pMOD-LTR3-bleo-pGRR-W19W17-RGR-W5 | pMOD6-pGRR-W5-RGR-W17,[2],[27595]
51,"{""level"": ""3"", ""design"": ""g2"", ""total"": 3}",False,False,[],2,2,27446,CEN.PK2 - MAT A ::: pMOD4G-dcas9-mxi1 | pMOD-LTR1-NatMx-pGRR-W5-RGR-W19 | pMOD6-pGRR-F4W5-RGR-W17 | pMOD8-pGRR-W19W17-RGR-W5,[2],[27596]
52,"{""level"": ""3"", ""design"": ""g2"", ""total"": 3}",False,False,[],2,2,27444,CEN.PK2 - MAT A ::: pMOD4G-dcas9-mxi1 | pMOD-LTR1-NatMx-pGRR-W5-RGR-W19 | pMOD6-pGRR-F6W5-RGR-W17 | pMOD8-pGRR-W19W17-RGR-W5,[2],[27597]
53,"{""level"": ""3"", ""design"": ""g2"", ""total"": 3}",False,False,[],2,2,27465,CEN.PK2 - MAT A ::: pMOD4G-dcas9-mxi1 | pMOD-HOKan-pGRR-W17-RGR-W20 | pMOD-LTR1-Nat-pGRR-W5W20-RGR-W17 | pMOD-LTR3-bleo-pGRR-W19W17-RGR-W5,[2],[27599]
54,"{""a_strains"": [27465]}",True,True,"['Yeast Glycerol Stock', 'Yeast Plate']",2,2,27598,CEN.PK2 - MAT alpha ::: pMODKan-HO-pACT1-ZEV4 | pMOD8-pGALZ4-URGR-W17 | pMOD6-pGRR-W20-yeGFP,[2],[27599]
55,"{""level"": ""3"", ""design"": ""g2"", ""total"": 3}",False,False,[],2,2,27464,CEN.PK2 - MAT A ::: pMOD4G-dcas9-mxi1 | pMOD-LTR2-Bleo-pGRR-W34W17-RGR-W19 | pMOD-LTR3-Kanmx-pGRR-W19-RGR-W34 | pMOD6-pGRR-W5W19-RGR-W17,[2],[27602]
56,"{""a_strains"": [27464, 27463, 27461, 27455, 27454, 27453, 27449]}",True,True,"['Yeast Glycerol Stock', 'Yeast Plate']",2,8,27601,CEN.PK2 - MAT alpha ::: pMODKan-HO-pACT1-ZEV4 | pMOD8-pGALz4-RGR-W19 | pMOD6-pGRR-W34-yeGFP,"[2, 2, 2, 2, 2, 2, 2]","[27602, 27603, 27604, 27605, 27606, 27607, 27608]"
57,"{""level"": ""3"", ""design"": ""g2"", ""total"": 3}",False,False,[],2,2,27463,CEN.PK2 - MAT A ::: pMOD4G-dcas9-mxi1 | pMOD-LTR2-Bleo-pGRR-W34W17-RGR-W19 | pMOD-LTR3-Kanmx-pGRR-W19-RGR-W34 | pMOD8-pGRR-W19-RGR-W17,[2],[27603]
58,"{""level"": ""3"", ""design"": ""g2"", ""total"": 3}",False,False,[],2,2,27461,CEN.PK2 - MAT A ::: pMOD4G-dcas9-mxi1 | pMOD-LTR1-Kanmx-pGRR-W19-RGR-W34 | pMOD-LTR2-Bleo-pGRR-W34W17-RGR-W19 | pMOD8-pGRR-W19-RGR-W17,[2],[27604]
59,"{""level"": ""3"", ""design"": ""g2"", ""total"": 3}",False,False,[],2,2,27455,CEN.PK2 - MAT A ::: pMOD4G-dcas9-mxi1 | pMOD-LTR2-Bleo-pGRR-W34W17-RGR-W19 | pMOD-LTR3-Hyg-pGRR-W19-RGR-W34 | pMOD6-pGRR-W5W19-RGR-W17,[2],[27605]
60,"{""level"": ""3"", ""design"": ""g2"", ""total"": 3}",False,False,[],2,2,27454,CEN.PK2 - MAT A ::: pMOD4G-dcas9-mxi1 | pMOD-LTR2-Bleo-pGRR-W34W17-RGR-W19 | pMOD-LTR3-Hyg-pGRR-W19-RGR-W34 | pMOD6-pGRR-W19W5-RGR-W17,[2],[27606]
61,"{""level"": ""3"", ""design"": ""g2"", ""total"": 3}",False,False,[],2,2,27453,CEN.PK2 - MAT A ::: pMOD4G-dcas9-mxi1 | pMOD-LTR2-Bleo-pGRR-W34W17-RGR-W19 | pMOD-LTR3-Hyg-pGRR-W19-RGR-W34 | pMOD8-pGRR-W19-RGR-W17,[2],[27607]
62,"{""level"": ""3"", ""design"": ""g2"", ""total"": 3}",False,False,[],2,2,27449,CEN.PK2 - MAT A ::: pMOD4G-dcas9-mxi1 | pMOD-LTR1-Nat-pGRR-W19-RGR-W34 | pMOD-LTR2-Bleo-pGRR-W34W17-RGR-W19 | pMOD8-pGRR-W19-RGR-W17,[2],[27608]
63,"{""level"": ""3"", ""design"": ""g2"", ""total"": 3}",False,False,[],2,2,27462,CEN.PK2 - MAT A ::: pMOD4G-dcas9-mxi1 | pMOD-LTR1-Kanmx-pGRR-W19-RGR-W34 | pMOD-LTR2-Bleo-pGRR-W34W17-RGR-W19 | pMOD6-pGRR-W5W19-RGR-W17,[2],[27610]
64,"{""a_strains"": [27462, 27460, 27458, 27451, 27450]}",False,True,['Yeast Plate'],2,6,27609,CEN.PK2 - MAT alpha ::: pMODKan-HO-pACT1-ZEV4 | pMOD8-pGALz4-RGR-W19 | pMOD6-pGRR-W17-yeGFP,"[2, 2, 2, 2, 2]","[27610, 27611, 27612, 27613, 27614]"
65,"{""level"": ""3"", ""design"": ""g2"", ""total"": 3}",False,False,[],2,2,27460,CEN.PK2 - MAT A ::: pMOD4G-dcas9-mxi1 | pMOD-LTR2-Bleo-pGRR-W34W17-RGR-W19 | pMOD-LTR3-Kanmx-pGRR-W19-RGR-W34 | pMOD6-pGRR-W19W5-RGR-W17,[2],[27611]
66,"{""level"": ""3"", ""design"": ""g2"", ""total"": 3}",False,False,[],2,2,27458,CEN.PK2 - MAT A ::: pMOD4G-dcas9-mxi1 | pMOD-LTR1-Kanmx-pGRR-W19-RGR-W34 | pMOD-LTR2-Bleo-pGRR-W34W17-RGR-W19 | pMOD6-pGRR-W19W5-RGR-W17,[2],[27612]
67,"{""level"": ""3"", ""design"": ""g2"", ""total"": 3}",False,False,[],2,2,27451,CEN.PK2 - MAT A ::: pMOD4G-dcas9-mxi1 | pMOD-LTR1-Nat-pGRR-W19-RGR-W34 | pMOD-LTR2-Bleo-pGRR-W34W17-RGR-W19 | pMOD6-pGRR-W5W19-RGR-W17,[2],[27613]
68,"{""level"": ""3"", ""design"": ""g2"", ""total"": 3}",False,False,[],2,2,27450,CEN.PK2 - MAT A ::: pMOD4G-dcas9-mxi1 | pMOD-LTR1-Nat-pGRR-W19-RGR-W34 | pMOD-LTR2-Bleo-pGRR-W34W17-RGR-W19 | pMOD6-pGRR-W19W5-RGR-W17,[2],[27614]
69,"{""level"": ""3"", ""design"": ""g2"", ""total"": 3}",False,False,[],2,2,27425,CEN.PK2 - MAT A ::: pMOD4G-dcas9-mxi1 | pMOD-LTR1-Nat-pGRR-F1W36-RGR-W20 | pMOD-LTR2-Bleo-pGRR-W20W8-RGR-W36 | pMOD6-pGRR-W36-RGR-W8,[2],[27616]
70,"{""a_strains"": [27425, 27422]}",True,True,"['Yeast Glycerol Stock', 'Yeast Plate']",2,3,27615,CEN.PK2 - MAT alpha ::: pMODKan-HO-pACT1-ZEV4 | pMOD8-pGALZ4-URGR-W36 | pMOD6-pGRR-W20-yeGFP,"[2, 2]","[27616, 27617]"
71,"{""level"": ""3"", ""design"": ""g2"", ""total"": 3}",False,False,[],2,2,27422,CEN.PK2 - MAT A ::: pMOD4G-dcas9-mxi1 | pMOD-LTR1-Nat-pGRR-W36-RGR-W8 | pMOD-LTR2-Bleo-pGRR-W20W8-RGR-W36 | pMOD6-pGRR-W36-RGR-W20,[2],[27617]
72,"{""level"": ""3"", ""design"": ""g2"", ""total"": 3}",False,False,[],2,3,27410,CEN.PK2 - MAT A ::: pMOD4G-dcas9-mxi1 | pMOD-HOKan-pGRR-W36W8-RGR-W20 | pMOD-LTR1-NatMX-pGRR-W8-RGR-W10 | pMOD-LTR2-Bleo-pGRR-W20W10-RGR-W8,"[2, 2]","[27619, 27630]"
73,"{""a_strains"": [27410, 27405, 27389, 27373, 27372, 27371, 27370, 27366, 27362, 27357]}",True,True,"['Yeast Glycerol Stock', 'Yeast Plate']",2,11,27618,CEN.PK2 - MAT alpha ::: pMODKan-HO-pACT1-ZEV4 | pMOD8-pGALZ4-URGR-W8 | pMOD6-pGRR-W20-yeGFP,"[2, 2, 2, 2, 2, 2, 2, 2, 2, 2]","[27619, 27620, 27621, 27622, 27623, 27624, 27625, 27626, 27627, 27628]"
74,"{""level"": ""3"", ""design"": ""g2"", ""total"": 3}",False,False,[],2,3,27405,CEN.PK2 - MAT A ::: pMOD4G-dcas9-mxi1 | pMOD-HOKan-pGRR-W8W36-RGR-W20 | pMOD-LTR1-NatMX-pGRR-W8-RGR-W10 | pMOD-LTR2-Bleo-pGRR-W20W10-RGR-W8,"[2, 2]","[27620, 27631]"
75,"{""level"": ""3"", ""design"": ""g2"", ""total"": 3}",False,False,[],2,3,27389,CEN.PK2 - MAT A ::: pMOD4G-dcas9-mxi1 | pMOD-HOKan-pGRR-W8-RGR-W20 | pMOD-LTR1-NatMX-pGRR-W8-RGR-W10 | pMOD-LTR2-Bleo-pGRR-W20W10-RGR-W8,"[2, 2]","[27621, 27632]"
76,"{""level"": ""3"", ""design"": ""g2"", ""total"": 3}",False,False,[],2,3,27373,CEN.PK2 - MAT A ::: pMOD4G-dcas9-mxi1 | pMOD-HOKan-pGRR-W36W8-RGR-W20 | pMOD-LTR2-Bleo-pGRR-W20W10-RGR-W8 | pMOD-LTR3-NatMX-pGRR-W8-RGR-W10,"[2, 2]","[27622, 27633]"
77,"{""level"": ""3"", ""design"": ""g2"", ""total"": 3}",False,False,[],2,3,27372,CEN.PK2 - MAT A ::: pMOD4G-dcas9-mxi1 | pMOD-HO-Leu2-pGRR-W8W36-RGR-W20 | pMOD-LTR2-Bleo-pGRR-W20W10-RGR-W8 | pMOD-LTR3-NatMX-pGRR-W8-RGR-W10,"[2, 2]","[27623, 27634]"
78,"{""level"": ""3"", ""design"": ""g2"", ""total"": 3}",False,False,[],2,3,27371,CEN.PK2 - MAT A ::: pMOD4G-dcas9-mxi1 | pMOD-HOKan-pGRR-W8W36-RGR-W20 | pMOD-LTR2-Bleo-pGRR-W20W10-RGR-W8 | pMOD-LTR3-NatMX-pGRR-W8-RGR-W10,"[2, 2]","[27624, 27635]"
79,"{""level"": ""3"", ""design"": ""g2"", ""total"": 3}",False,False,[],2,3,27370,CEN.PK2 - MAT A ::: pMOD4G-dcas9-mxi1 | pMOD-HOKan-pGRR-W8-RGR-W20 | pMOD-LTR2-Bleo-pGRR-W20W10-RGR-W8 | pMOD-LTR3-NatMX-pGRR-W8-RGR-W10,"[2, 2]","[27625, 27636]"
80,"{""level"": ""3"", ""design"": ""g2"", ""total"": 3}",False,False,[],2,3,27366,CEN.PK2 - MAT A ::: pMOD4G-dcas9-mxi1 | pMOD-HOKan-pGRR-W36W8-RGR-W20 | pMOD-LTR2-Bleo-pGRR-W20W10-RGR-W8 | pMOD8-pGRR-W8-RGR-W10,"[2, 2]","[27626, 27637]"
81,"{""level"": ""3"", ""design"": ""g2"", ""total"": 3}",False,False,[],2,3,27362,CEN.PK2 - MAT A ::: pMOD4G-dcas9-mxi1 | pMOD-HOKan-pGRR-W8W36-RGR-W20 | pMOD-LTR2-Bleo-pGRR-W20W10-RGR-W8 | pMOD8-pGRR-W8-RGR-W10,"[2, 2]","[27627, 27638]"
82,"{""level"": ""3"", ""design"": ""g2"", ""total"": 3}",False,False,[],2,3,27357,CEN.PK2 - MAT A ::: pMOD4G-dcas9-mxi1 | pMOD-HOKan-pGRR-W8-RGR-W20 | pMOD-LTR2-Bleo-pGRR-W20W10-RGR-W8 | pMOD8-pGRR-W8-RGR-W10,"[2, 2]","[27628, 27639]"
83,"{""a_strains"": [27410, 27405, 27389, 27373, 27372, 27371, 27370, 27366, 27362, 27357]}",True,True,"['Yeast Glycerol Stock', 'Yeast Plate']",2,11,27629,CEN.PK2 - MAT alpha ::: pMODKan-HO-pACT1-ZEV4 | pMOD8-pGALZ4-RGR-W8 | pMOD6-pGRR-W20-yeGFP,"[2, 2, 2, 2, 2, 2, 2, 2, 2, 2]","[27630, 27631, 27632, 27633, 27634, 27635, 27636, 27637, 27638, 27639]"
84,"{""level"": ""3"", ""design"": ""g2"", ""total"": 3}",False,False,[],2,2,27408,CEN.PK2 - MAT A ::: pMOD4G-dcas9-mxi1 | pMOD-HO-Leu2-pGRR-W8W36-RGR-W20 | pMOD-HOKan-pGRR-W20-RGR-W8 | pMOD-LTR3-HygMX-pGRR-W20-RGR-W36,[2],[27641]
85,"{""a_strains"": [27408, 27324]}",True,True,"['Yeast Glycerol Stock', 'Yeast Plate']",2,3,27640,CEN.PK2 - MAT alpha ::: pMODKan-HO-pACT1-ZEV4 | pMOD8-pGALZ4-URGR-W20 | pMOD6-pGRR-W8-yeGFP,"[2, 2]","[27641, 27642]"
86,"{""level"": ""3"", ""design"": ""g1"", ""total"": 3}",False,False,[],2,2,27324,CEN.PK2 - MAT A ::: pMOD4G-dcas9-mxi1 | pMOD-HO-Leu2-pGRR-W8W36-RGR-W20 | pMOD-HOKan-pGRR-W20-RGR-W8 | pMOD-LTR2-Bleo-pGRR-W20W8-RGR-W36,[2],[27642]
87,"{""level"": ""3"", ""design"": ""g2"", ""total"": 3}",False,False,[],2,3,27407,CEN.PK2 - MAT A ::: pMOD4G-dcas9-mxi1 | pMOD-HO-Leu2-pGRR-W8W36-RGR-W20 | pMOD-LTR1-NatMX-pGRR-W8-RGR-W10 | pMOD-LTR2-Bleo-pGRR-W20W10-RGR-W8,"[2, 2]","[27644, 27648]"
88,"{""a_strains"": [27407, 27364, 27360]}",True,True,"['Yeast Glycerol Stock', 'Yeast Plate']",2,4,27643,CEN.PK2 - MAT alpha ::: pMODKan-HO-pACT1-ZEV4 | pMOD8-pGALZ4-URGR-W8 | pMOD6-pGRR-W10-yeGFP,"[2, 2, 2]","[27644, 27645, 27646]"
89,"{""level"": ""3"", ""design"": ""g2"", ""total"": 3}",False,False,[],2,3,27364,CEN.PK2 - MAT A ::: pMOD4G-dcas9-mxi1 | pMOD-HO-Leu2-pGRR-W8W36-RGR-W20 | pMOD-LTR2-Bleo-pGRR-W20W10-RGR-W8 | pMOD8-pGRR-W8-RGR-W10,"[2, 2]","[27645, 27649]"
90,"{""level"": ""3"", ""design"": ""g2"", ""total"": 3}",False,False,[],2,3,27360,CEN.PK2 - MAT A ::: pMOD4G-dcas9-mxi1 | pMOD-LTR1-Nat-pGRR-W8-RGR-W20 | pMOD-LTR2-Bleo-pGRR-W20W10-RGR-W8 | pMOD8-pGRR-W8-RGR-W10,"[2, 2]","[27646, 27650]"
91,"{""a_strains"": [27407, 27364, 27360]}",False,True,['Yeast Plate'],2,4,27647,CEN.PK2 - MAT alpha ::: pMODKan-HO-pACT1-ZEV4 | pMOD8-pGALZ4-RGR-W8 | pMOD6-pGRR-W10-yeGFP,"[2, 2, 2]","[27648, 27649, 27650]"
92,"{""level"": ""3"", ""design"": ""g2"", ""total"": 3}",False,False,[],2,3,27391,CEN.PK2 - MAT A ::: pMOD4G-dcas9-mxi1 | pMOD-LTR1-Nat-pGRR-W8-RGR-W5 | pMOD-LTR2-Bleo-pGRR-W5W17-RGR-W8 | pMOD8-pGRR-W8-RGR-W17,"[2, 2]","[27652, 27661]"
93,"{""a_strains"": [27391, 27390, 27387, 27385, 27384, 27383, 27382, 27376]}",True,True,"['Yeast Glycerol Stock', 'Yeast Plate']",2,9,27651,CEN.PK2 - MAT alpha ::: pMODKan-HO-pACT1-ZEV4 | pMOD8-pGALZ4-URGR-W8 | pMOD6-pGRR-W17-yeGFP,"[2, 2, 2, 2, 2, 2, 2, 2]","[27652, 27653, 27654, 27655, 27656, 27657, 27658, 27659]"
94,"{""level"": ""3"", ""design"": ""g2"", ""total"": 3}",False,False,[],2,3,27390,CEN.PK2 - MAT A ::: pMOD4G-dcas9-mxi1 | pMOD-HOKan-pGRR-W8-RGR-W5 | pMOD-LTR2-Bleo-pGRR-W5W17-RGR-W8 | pMOD8-pGRR-W8-RGR-W17,"[2, 2]","[27653, 27662]"
95,"{""level"": ""3"", ""design"": ""g2"", ""total"": 3}",False,False,[],2,3,27387,CEN.PK2 - MAT A ::: pMOD4G-dcas9-mxi1 | pMOD-LTR2-Bleo-pGRR-W5W17-RGR-W8 | pMOD6-pGRR-W8W14-RGR-W5 | pMOD8-pGRR-W8-RGR-W17,"[2, 2]","[27654, 27663]"
96,"{""level"": ""3"", ""design"": ""g2"", ""total"": 3}",False,False,[],2,3,27385,CEN.PK2 - MAT A ::: pMOD4G-dcas9-mxi1 | pMOD-LTR2-Bleo-pGRR-W5W17-RGR-W8 | pMOD-LTR3-Hyg-pGRR-W8-RGR-W17 | pMOD8-pGRR-W10W8-RGR-W5,"[2, 2]","[27655, 27664]"
97,"{""level"": ""3"", ""design"": ""g2"", ""total"": 3}",False,False,[],2,3,27384,CEN.PK2 - MAT A ::: pMOD4G-dcas9-mxi1 | pMOD-LTR2-Bleo-pGRR-W5W17-RGR-W8 | pMOD-LTR3-Hyg-pGRR-W8-RGR-W17 | pMOD8-pGRR-W8W10-RGR-W5,"[2, 2]","[27656, 27665]"
98,"{""level"": ""3"", ""design"": ""g2"", ""total"": 3}",False,False,[],2,3,27383,CEN.PK2 - MAT A ::: pMOD4G-dcas9-mxi1 | pMOD-LTR2-Bleo-pGRR-W5W17-RGR-W8 | pMOD-LTR3-Hyg-pGRR-W8-RGR-W17 | pMOD8-pGRR-W8-RGR-W5,"[2, 2]","[27657, 27666]"
99,"{""level"": ""3"", ""design"": ""g2"", ""total"": 3}",False,False,[],2,3,27382,CEN.PK2 - MAT A ::: pMOD4G-dcas9-mxi1 | pMOD-LTR1-Nat-pGRR-W8-RGR-W5 | pMOD-LTR2-Bleo-pGRR-W5W17-RGR-W8 | pMOD-LTR3-Hyg-pGRR-W8-RGR-W17,"[2, 2]","[27658, 27667]"
100,"{""level"": ""3"", ""design"": ""g2"", ""total"": 3}",False,False,[],2,3,27376,CEN.PK2 - MAT A ::: pMOD4G-dcas9-mxi1 | pMOD-HOKan-pGRR-W8-RGR-W5 | pMOD-LTR2-Bleo-pGRR-W5W17-RGR-W8 | pMOD-LTR3-Hyg-pGRR-W8-RGR-W17,"[2, 2]","[27659, 27668]"
101,"{""a_strains"": [27391, 27390, 27387, 27385, 27384, 27383, 27382, 27376]}",True,True,"['Yeast Glycerol Stock', 'Yeast Plate']",2,9,27660,CEN.PK2 - MAT alpha ::: pMODKan-HO-pACT1-ZEV4 | pMOD8-pGALZ4-RGR-W8 | pMOD6-pGRR-W17-yeGFP,"[2, 2, 2, 2, 2, 2, 2, 2]","[27661, 27662, 27663, 27664, 27665, 27666, 27667, 27668]"
102,"{""level"": ""3"", ""design"": ""g2"", ""total"": 3}",False,False,[],2,3,27379,CEN.PK2 - MAT A ::: pMOD4G-dcas9-mxi1 | pMOD-LTR2-Bleo-pGRR-W5W17-RGR-W8 | pMOD-LTR3-Hyg-pGRR-W8-RGR-W17 | pMOD6-pGRR-W8W14-RGR-W5,"[2, 2]","[27670, 27672]"
103,"{""a_strains"": [27379]}",True,True,"['Yeast Glycerol Stock', 'Yeast Plate']",2,2,27669,CEN.PK2 - MAT alpha ::: pMODKan-HO-pACT1-ZEV4 | pMOD8-pGALZ4-URGR-W8 | pMOD6-pGRR-W5-yeGFP,[2],[27670]
104,"{""a_strains"": [27379]}",True,True,"['Yeast Glycerol Stock', 'Yeast Plate']",2,2,27671,CEN.PK2 - MAT alpha ::: pMODKan-HO-pACT1-ZEV4 | pMOD8-pGALZ4-RGR-W8 | pMOD6-pGRR-W5-yeGFP,[2],[27672]
105,"{""a_strains"": [27351, 27350, 27338, 27336]}",True,True,"['Yeast Glycerol Stock', 'Yeast Plate']",2,5,27673,CEN.PK2 - MAT alpha ::: pMODKan-HO-pACT1-ZEV4 | pMOD8-pGALZ4-URGR-W5 | pMOD6-pGRR-W19-yeGFP,"[2, 2]","[27676, 27677]"
106,"{""level"": ""3"", ""design"": ""g1"", ""total"": 3}",False,True,['Yeast Plate'],2,2,27338,CEN.PK2 - MAT A ::: pMOD4G-dcas9-mxi1 | pMOD-LTR1-NatMx-pGRR-W5-RGR-W19 | pMOD6-pGRR-W5W19-RGR-W17 | pMOD8-pGRR-W19W17-RGR-W5,[2],[27676]
107,"{""level"": ""3"", ""design"": ""g1"", ""total"": 3}",True,True,"['Yeast Glycerol Stock', 'Yeast Plate']",2,2,27336,CEN.PK2 - MAT A ::: pMOD4G-dcas9-mxi1 | pMOD-LTR1-NatMx-pGRR-W5-RGR-W19 | pMOD6-pGRR-W19W5-RGR-W17 | pMOD8-pGRR-W19W17-RGR-W5,[2],[27677]
108,"{""level"": ""3"", ""design"": ""g1"", ""total"": 3}",False,False,[],2,2,27348,CEN.PK2 - MAT A ::: pMOD4G-dcas9-mxi1 | pMOD-LTR2-Bleo-pGRR-W34W17-RGR-W19 | pMOD6-pGRR-W19W5-RGR-W17 | pMOD8-pGRR-W19W17-RGR-W5,[2],[27679]
109,"{""a_strains"": [27348, 27346, 27344, 27341]}",True,True,"['Yeast Glycerol Stock', 'Yeast Plate']",2,5,27678,CEN.PK2 - MAT alpha ::: pMODKan-HO-pACT1-ZEV4 | pMOD8-pGALZ4-URGR-W17 | pMOD6-pGRR-W19-yeGFP,"[2, 2, 2, 2]","[27679, 27680, 27681, 27682]"
110,"{""level"": ""3"", ""design"": ""g1"", ""total"": 3}",False,False,[],2,2,27346,CEN.PK2 - MAT A ::: pMOD4G-dcas9-mxi1 | pMOD-LTR2-Bleo-pGRR-W17W17-RGR-W19 | pMOD6-pGRR-W19W5-RGR-W17 | pMOD8-pGRR-W19W17-RGR-W5,[2],[27680]
111,"{""level"": ""3"", ""design"": ""g1"", ""total"": 3}",False,False,[],2,2,27344,CEN.PK2 - MAT A ::: pMOD4G-dcas9-mxi1 | pMOD-LTR2-Bleo-pGRR-W34W17-RGR-W19 | pMOD6-pGRR-W5W19-RGR-W17 | pMOD8-pGRR-W19W17-RGR-W5,[2],[27681]
112,"{""level"": ""3"", ""design"": ""g1"", ""total"": 3}",False,False,[],2,2,27341,CEN.PK2 - MAT A ::: pMOD4G-dcas9-mxi1 | pMOD-LTR2-Bleo-pGRR-W17W17-RGR-W19 | pMOD6-pGRR-W5W19-RGR-W17 | pMOD8-pGRR-W19W17-RGR-W5,[2],[27682]
113,"{""a_strains"": [27333, 27331, 27329, 27327, 27321, 27319]}",True,True,"['Yeast Glycerol Stock', 'Yeast Plate']",2,7,27683,CEN.PK2 - MAT alpha ::: pMODKan-HO-pACT1-ZEV4 | pMOD8-pGALZ4-URGR-W36 | pMOD6-pGRR-W8-yeGFP,"[2, 2, 2]","[27685, 27687, 27689]"
114,"{""level"": ""3"", ""design"": ""g1"", ""total"": 3}",False,True,['Yeast Plate'],2,2,27331,CEN.PK2 - MAT A ::: pMOD4G-dcas9-mxi1 | pMOD-HO-Leu2-pGRR-W8W36-RGR-W20 | pMOD-LTR2-Bleo-pGRR-W20W8-RGR-W36 | pMOD6-pGRR-W36-RGR-W8,[2],[27685]
115,"{""level"": ""3"", ""design"": ""g1"", ""total"": 3}",False,False,[],2,2,27327,CEN.PK2 - MAT A ::: pMOD4G-dcas9-mxi1 | pMOD-HOKan-pGRR-W36W8-RGR-W20 | pMOD-LTR2-Bleo-pGRR-W20W8-RGR-W36 | pMOD6-pGRR-W36-RGR-W8,[2],[27687]
116,,False,False,[],2,2,27319,CEN.PK2 - MAT A ::: pMOD4G-dcas9-mxi1 | pMOD-HOKan-pGRR-W8W36-RGR-W20 | pMOD-LTR2-Bleo-pGRR-W20W8-RGR-W36 | pMOD6-pGRR-W36-RGR-W8,[2],[27689]
117,"{""level"": ""3"", ""design"": ""g2"", ""total"": 3}",False,False,[],2,3,27369,CEN.PK2 - MAT A ::: pMOD4G-dcas9-mxi1 | pMOD-LTR1-Nat-pGRR-W5W8-URGR-F1 | pMOD-LTR2-Bleo-pGRR-F1W10-RGR-W8 | pMOD8-pGRR-W8-RGR-W10,"[2, 2]","[27691, 27693]"
118,"{""a_strains"": [27369]}",True,True,"['Yeast Glycerol Stock', 'Yeast Plate']",2,2,27690,CEN.PK2 - MAT alpha ::: pMODKan-HO-pACT1-ZEV4 | pMOD8-pGALZ4-URGR-W8 | pMOD6-pGRR-F1-yeGFP,[2],[27691]
119,"{""a_strains"": [27369]}",True,True,"['Yeast Glycerol Stock', 'Yeast Plate']",2,2,27692,CEN.PK2 - MAT alpha ::: pMODKan-HO-pACT1-ZEV4 | pMOD8-pGALZ4-RGR-W8 | pMOD6-pGRR-F1-yeGFP,[2],[27693]
120,,True,True,"['Yeast Glycerol Stock', 'Yeast Competent Cell', 'Yeast Plate']",4,18,27317,CEN.PK2 - MAT A ::: pMOD4G-dcas9-mxi1 | pMOD-HOKan-pGRR-W8W36-RGR-W20,"[2, 3, 3, 3, 3, 4, 4, 4, 4, 4, 4, 4]","[27361, 27362, 27371, 27405, 27319, 27627, 27638, 27624, 27635, 27620, 27631, 27689]"
121,"{""level"": ""1"", ""design"": null, ""total"": 3}",True,True,"['Yeast Glycerol Stock', 'Yeast Competent Cell', 'Yeast Plate']",4,23,27322,CEN.PK2 - MAT A ::: pMOD4G-dcas9-mxi1 | pMOD-HO-Leu2-pGRR-W8W36-RGR-W20,"[2, 2, 2, 3, 3, 3, 3, 3, 3, 4, 4, 4, 4, 4, 4, 4, 4, 4]","[27323, 27363, 27406, 27324, 27408, 27331, 27364, 27372, 27407, 27642, 27641, 27685, 27645, 27649, 27623, 27634, 27644, 27648]"
122,dCas9 with Mxi1 chromatin remodeler,True,True,"['Yeast Glycerol Stock', 'Yeast Competent Cell']",5,322,23529,CEN.PK2 - MAT A ::: pMOD4G-dcas9-mxi1,"[2, 2, 2, 2, 2, 2, 2, 2, 2, 2, 3, 3, 3, 3, 3, 3, 3, 3, 3, 3, 3, 3, 3, 3, 3, 3, 3, 3, 3, 3, 3, 3, 3, 3, 3, 3, 3, 3, 3, 3, 3, 3, 3, 3, 3, 3, 3, 3, 3, 3, 4, 4, 4, 4, 4, 4, 4, 4, 4, 4, 4, 4, 4, 4, 4, 4, 4, 4, 4, 4, 4, 4, 4, 4, 4, 4, 4, 4, 4, 4, 4, 4, 4, 4, 4, 4, 4, 4, 4, 4, 4, 4, 4, 4, 4, 4, 4, 4, 4, 4, 4, 4, 4, 4, 4, 4, 4, 4, 4, 4, 4, 4, 4, 4, 4, 4, 4, 4, 4, 4, 4, 4, 4, 4, 4, 4, 4, 4, 4, 4, 4, 4, 4, 4, 4, 4, 4, 4, 4, 4, 4, 4, 5, 5, 5, 5, 5, 5, 5, 5, 5, 5, 5, 5, 5, 5, 5, 5, 5, 5, 5, 5, 5, 5, 5, 5, 5, 5, 5, 5, 5, 5, 5, 5, 5, 5, 5, 5, 5, 5, 5, 5, 5, 5, 5, 5, 5, 5, 5, 5, 5, 5, 5, 5, 5, 5, 5, 5, 5, 5, 5, 5, 5, 5, 5, 5, 5, 5, 5, 5, 5, 5, 5, 5, 5, 5, 5, 5, 5, 5, 5, 5, 5, 5, 5, 5, 5, 5, 5, 5, 5, 5, 5, 5, 5, 5, 5, 5, 5, 5, 5, 5, 5, 5, 5, 5, 5, 5, 5, 5, 5, 5, 5, 5, 5, 5, 5, 5, 5]","[27339, 27374, 27377, 27380, 27395, 27401, 27423, 27494, 27501, 27504, 27323, 27363, 27406, 27365, 27409, 27443, 27445, 27340, 27345, 27347, 27452, 27356, 27359, 27375, 27378, 27386, 27489, 27381, 27393, 27396, 27414, 27497, 27513, 27402, 27418, 27499, 27516, 27412, 27424, 27429, 27432, 27435, 27475, 27492, 27495, 27502, 27505, 27507, 27510, 27361, 27324, 27408, 27331, 27364, 27372, 27407, 27327, 27366, 27373, 27410, 27338, 27466, 27467, 27468, 27469, 27470, 27471, 27427, 27444, 27446, 27341, 27346, 27344, 27348, 27453, 27454, 27455, 27460, 27463, 27464, 27357, 27370, 27389, 27360, 27369, 27376, 27390, 27379, 27383, 27384, 27385, 27387, 27490, 27382, 27391, 27394, 27397, 27415, 27400, 27417, 27498, 27514, 27515, 27403, 27419, 27500, 27517, 27518, 27413, 27422, 27425, 27430, 27465, 27433, 27484, 27436, 27486, 27439, 27488, 27442, 27449, 27450, 27451, 27458, 27461, 27462, 27474, 27476, 27478, 27480, 27482, 27493, 27496, 27503, 27506, 27508, 27511, 27512, 27362, 27371, 27405, 27319, 27642, 27641, 27685, 27645, 27649, 27623, 27634, 27644, 27648, 27687, 27626, 27637, 27622, 27633, 27619, 27630, 27677, 27676, 27595, 27594, 27593, 27592, 27591, 27590, 27569, 27597, 27596, 27682, 27680, 27681, 27679, 27607, 27606, 27605, 27611, 27603, 27602, 27628, 27639, 27625, 27636, 27621, 27632, 27646, 27650, 27691, 27693, 27659, 27668, 27653, 27662, 27670, 27672, 27657, 27666, 27656, 27665, 27655, 27664, 27654, 27663, 27568, 27658, 27667, 27652, 27661, 27573, 27572, 27570, 27558, 27553, 27551, 27547, 27546, 27554, 27552, 27550, 27545, 27544, 27571, 27617, 27616, 27582, 27599, 27581, 27576, 27588, 27584, 27580, 27575, 27579, 27608, 27614, 27613, 27612, 27604, 27610, 27587, 27586, 27585, 27578, 27577, 27566, 27565, 27561, 27563, 27557, 27556, 27549, 27548, 27627, 27638, 27624, 27635, 27620, 27631, 27689]"
123,"{""level"": ""2"", ""design"": ""b1"", ""total"": 3}",False,False,[],3,5,27323,CEN.PK2 - MAT A ::: pMOD4G-dcas9-mxi1 | pMOD-HO-Leu2-pGRR-W8W36-RGR-W20 | pMOD-HOKan-pGRR-W20-RGR-W8,"[2, 2, 3, 3]","[27324, 27408, 27642, 27641]"
124,"{""level"": ""1"", ""design"": null, ""total"": 3}",True,True,"['Yeast Glycerol Stock', 'Yeast Competent Cell', 'Yeast Plate']",4,18,27325,CEN.PK2 - MAT A ::: pMOD4G-dcas9-mxi1 | pMOD-HOKan-pGRR-W36W8-RGR-W20,"[2, 2, 3, 3, 3, 3, 4, 4, 4, 4, 4, 4, 4]","[27365, 27409, 27327, 27366, 27373, 27410, 27687, 27626, 27637, 27622, 27633, 27619, 27630]"
125,"{""level"": ""2"", ""design"": ""b1"", ""total"": 3}",True,True,"['Yeast Glycerol Stock', 'Yeast Competent Cell', 'Yeast Plate']",3,3,27326,CEN.PK2 - MAT A ::: pMOD4G-dcas9-mxi1 | pMOD-HOKan-pGRR-W36W8-RGR-W20 | pMOD-LTR2-Bleo-pGRR-W20W8-RGR-W36,"[2, 3]","[27327, 27687]"
126,"{""level"": ""2"", ""design"": ""b1"", ""total"": 3}",True,True,"['Yeast Glycerol Stock', 'Yeast Competent Cell', 'Yeast Plate']",3,3,27330,CEN.PK2 - MAT A ::: pMOD4G-dcas9-mxi1 | pMOD-HO-Leu2-pGRR-W8W36-RGR-W20 | pMOD-LTR2-Bleo-pGRR-W20W8-RGR-W36,"[2, 3]","[27331, 27685]"
127,"{""level"": ""1"", ""design"": null, ""total"": 3}",True,True,"['Yeast Glycerol Stock', 'Yeast Competent Cell', 'Yeast Plate']",4,33,27334,CEN.PK2 - MAT A ::: pMOD4G-dcas9-mxi1 | pMOD-LTR1-NatMx-pGRR-W5-RGR-W19,"[2, 2, 3, 3, 3, 3, 3, 3, 3, 3, 3, 3, 4, 4, 4, 4, 4, 4, 4, 4, 4, 4, 4]","[27443, 27445, 27338, 27466, 27467, 27468, 27469, 27470, 27471, 27427, 27444, 27446, 27677, 27676, 27595, 27594, 27593, 27592, 27591, 27590, 27569, 27597, 27596]"
128,"{""level"": ""2"", ""design"": null, ""total"": 3}",True,True,"['Yeast Glycerol Stock', 'Yeast Competent Cell', 'Yeast Plate']",3,3,27335,CEN.PK2 - MAT A ::: pMOD4G-dcas9-mxi1 | pMOD-LTR1-NatMx-pGRR-W5-RGR-W19 | pMOD6-pGRR-W19W5-RGR-W17,[3],[27677]
129,"{""level"": ""2"", ""design"": null, ""total"": 3}",True,True,"['Yeast Glycerol Stock', 'Yeast Competent Cell', 'Yeast Plate']",3,3,27337,CEN.PK2 - MAT A ::: pMOD4G-dcas9-mxi1 | pMOD-LTR1-NatMx-pGRR-W5-RGR-W19 | pMOD6-pGRR-W5W19-RGR-W17,"[2, 3]","[27338, 27676]"
130,"{""level"": ""1"", ""design"": null, ""total"": 3}",False,True,['Yeast Plate'],4,7,27339,CEN.PK2 - MAT A ::: pMOD4G-dcas9-mxi1 | pMOD-LTR2-Bleo-pGRR-W17W17-RGR-W19,"[2, 2, 3, 3, 4, 4]","[27340, 27345, 27341, 27346, 27682, 27680]"
131,"{""level"": ""2"", ""design"": ""b1"", ""total"": 3}",True,True,"['Yeast Competent Cell', 'Yeast Plate']",3,3,27340,CEN.PK2 - MAT A ::: pMOD4G-dcas9-mxi1 | pMOD-LTR2-Bleo-pGRR-W17W17-RGR-W19 | pMOD6-pGRR-W5W19-RGR-W17,"[2, 3]","[27341, 27682]"
132,"{""level"": ""1"", ""design"": null, ""total"": 3}",True,True,"['Yeast Glycerol Stock', 'Yeast Competent Cell', 'Yeast Plate']",4,21,27342,CEN.PK2 - MAT A ::: pMOD4G-dcas9-mxi1 | pMOD-LTR2-Bleo-pGRR-W34W17-RGR-W19,"[2, 2, 3, 3, 3, 3, 3, 3, 3, 3, 4, 4, 4, 4, 4, 4, 4, 4]","[27347, 27452, 27344, 27348, 27453, 27454, 27455, 27460, 27463, 27464, 27681, 27679, 27607, 27606, 27605, 27611, 27603, 27602]"
133,"{""level"": ""2"", ""design"": ""b1"", ""total"": 3}",True,True,"['Yeast Glycerol Stock', 'Yeast Plate']",3,3,27343,CEN.PK2 - MAT A ::: pMOD4G-dcas9-mxi1 | pMOD-LTR2-Bleo-pGRR-W34W17-RGR-W19 | pMOD6-pGRR-W5W19-RGR-W17,"[2, 3]","[27344, 27681]"
134,"{""level"": ""2"", ""design"": ""b1"", ""total"": 3}",True,True,"['Yeast Competent Cell', 'Yeast Plate']",3,3,27345,CEN.PK2 - MAT A ::: pMOD4G-dcas9-mxi1 | pMOD-LTR2-Bleo-pGRR-W17W17-RGR-W19 | pMOD6-pGRR-W19W5-RGR-W17,"[2, 3]","[27346, 27680]"
135,"{""level"": ""2"", ""design"": ""b1"", ""total"": 3}",False,False,[],3,3,27347,CEN.PK2 - MAT A ::: pMOD4G-dcas9-mxi1 | pMOD-LTR2-Bleo-pGRR-W34W17-RGR-W19 | pMOD6-pGRR-W19W5-RGR-W17,"[2, 3]","[27348, 27679]"
136,"{""level"": ""2"", ""design"": ""b1"", ""total"": 3}",True,True,"['Yeast Glycerol Stock', 'Yeast Competent Cell', 'Yeast Plate']",3,17,27349,CEN.PK2 - MAT A ::: pMOD4G-dcas9-mxi1 | pMOD-LTR1-NatMx-pGRR-W5-RGR-W19 | pMOD-LTR3-bleo-pGRR-W19W17-RGR-W5,"[2, 2, 2, 2, 2, 2, 3, 3, 3, 3, 3, 3]","[27466, 27467, 27468, 27469, 27470, 27471, 27595, 27594, 27593, 27592, 27591, 27590]"
137,"{""level"": ""1"", ""design"": null, ""total"": 3}",True,True,"['Yeast Glycerol Stock', 'Yeast Competent Cell', 'Yeast Plate']",4,12,27355,CEN.PK2 - MAT A ::: pMOD4G-dcas9-mxi1 | pMOD-HOKan-pGRR-W8-RGR-W20,"[2, 3, 3, 3, 4, 4, 4, 4, 4, 4]","[27356, 27357, 27370, 27389, 27628, 27639, 27625, 27636, 27621, 27632]"
138,"{""level"": ""2"", ""design"": ""b1"", ""total"": 3}",False,False,[],3,7,27356,CEN.PK2 - MAT A ::: pMOD4G-dcas9-mxi1 | pMOD-HOKan-pGRR-W8-RGR-W20 | pMOD-LTR2-Bleo-pGRR-W20W10-RGR-W8,"[2, 2, 3, 3, 3, 3]","[27357, 27370, 27628, 27639, 27625, 27636]"
139,"{""level"": ""1"", ""design"": null, ""total"": 3}",True,True,"['Yeast Glycerol Stock', 'Yeast Plate']",4,5,27358,CEN.PK2 - MAT A ::: pMOD4G-dcas9-mxi1 | pMOD-LTR1-Nat-pGRR-W8-RGR-W20,"[2, 3, 4, 4]","[27359, 27360, 27646, 27650]"
140,"{""level"": ""2"", ""design"": ""b1"", ""total"": 3}",False,False,[],3,4,27359,CEN.PK2 - MAT A ::: pMOD4G-dcas9-mxi1 | pMOD-LTR1-Nat-pGRR-W8-RGR-W20 | pMOD-LTR2-Bleo-pGRR-W20W10-RGR-W8,"[2, 3, 3]","[27360, 27646, 27650]"
141,"{""level"": ""2"", ""design"": ""b1"", ""total"": 3}",False,False,[],3,7,27361,CEN.PK2 - MAT A ::: pMOD4G-dcas9-mxi1 | pMOD-HOKan-pGRR-W8W36-RGR-W20 | pMOD-LTR2-Bleo-pGRR-W20W10-RGR-W8,"[2, 2, 3, 3, 3, 3]","[27362, 27371, 27627, 27638, 27624, 27635]"
142,"{""level"": ""2"", ""design"": ""b1"", ""total"": 3}",False,False,[],3,7,27363,CEN.PK2 - MAT A ::: pMOD4G-dcas9-mxi1 | pMOD-HO-Leu2-pGRR-W8W36-RGR-W20 | pMOD-LTR2-Bleo-pGRR-W20W10-RGR-W8,"[2, 2, 3, 3, 3, 3]","[27364, 27372, 27645, 27649, 27623, 27634]"
143,"{""level"": ""2"", ""design"": ""b1"", ""total"": 3}",False,False,[],3,7,27365,CEN.PK2 - MAT A ::: pMOD4G-dcas9-mxi1 | pMOD-HOKan-pGRR-W36W8-RGR-W20 | pMOD-LTR2-Bleo-pGRR-W20W10-RGR-W8,"[2, 2, 3, 3, 3, 3]","[27366, 27373, 27626, 27637, 27622, 27633]"
144,"{""level"": ""1"", ""design"": null, ""total"": 3}",True,True,"['Yeast Glycerol Stock', 'Yeast Competent Cell', 'Yeast Plate']",4,5,27367,CEN.PK2 - MAT A ::: pMOD4G-dcas9-mxi1 | pMOD-LTR1-Nat-pGRR-W5W8-URGR-F1,"[3, 4, 4]","[27369, 27691, 27693]"
145,"{""level"": ""2"", ""design"": ""b1"", ""total"": 3}",True,True,"['Yeast Glycerol Stock', 'Yeast Plate']",3,4,27368,CEN.PK2 - MAT A ::: pMOD4G-dcas9-mxi1 | pMOD-LTR1-Nat-pGRR-W5W8-URGR-F1 | pMOD-LTR2-Bleo-pGRR-F1W10-RGR-W8,"[2, 3, 3]","[27369, 27691, 27693]"
146,"{""level"": ""1"", ""design"": null, ""total"": 3}",False,False,[],4,8,27374,CEN.PK2 - MAT A ::: pMOD4G-dcas9-mxi1 | pMOD-HOKan-pGRR-W8-RGR-W5,"[2, 3, 3, 4, 4, 4, 4]","[27375, 27376, 27390, 27659, 27668, 27653, 27662]"
147,"{""level"": ""2"", ""design"": ""b1"", ""total"": 3}",False,False,[],3,7,27375,CEN.PK2 - MAT A ::: pMOD4G-dcas9-mxi1 | pMOD-HOKan-pGRR-W8-RGR-W5 | pMOD-LTR2-Bleo-pGRR-W5W17-RGR-W8,"[2, 2, 3, 3, 3, 3]","[27376, 27390, 27659, 27668, 27653, 27662]"
148,"{""level"": ""1"", ""design"": null, ""total"": 3}",False,False,[],4,21,27377,CEN.PK2 - MAT A ::: pMOD4G-dcas9-mxi1 | pMOD-LTR2-Bleo-pGRR-W5W17-RGR-W8,"[2, 2, 2, 3, 3, 3, 3, 3, 3, 4, 4, 4, 4, 4, 4, 4, 4, 4, 4, 4]","[27378, 27386, 27489, 27379, 27383, 27384, 27385, 27387, 27490, 27670, 27672, 27657, 27666, 27656, 27665, 27655, 27664, 27654, 27663, 27568]"
149,"{""level"": ""2"", ""design"": ""b1"", ""total"": 3}",False,False,[],3,13,27378,CEN.PK2 - MAT A ::: pMOD4G-dcas9-mxi1 | pMOD-LTR2-Bleo-pGRR-W5W17-RGR-W8 | pMOD-LTR3-Hyg-pGRR-W8-RGR-W17,"[2, 2, 2, 2, 3, 3, 3, 3, 3, 3, 3, 3]","[27379, 27383, 27384, 27385, 27670, 27672, 27657, 27666, 27656, 27665, 27655, 27664]"
150,"{""level"": ""1"", ""design"": null, ""total"": 3}",False,False,[],4,8,27380,CEN.PK2 - MAT A ::: pMOD4G-dcas9-mxi1 | pMOD-LTR1-Nat-pGRR-W8-RGR-W5,"[2, 3, 3, 4, 4, 4, 4]","[27381, 27382, 27391, 27658, 27667, 27652, 27661]"
151,"{""level"": ""2"", ""design"": ""b1"", ""total"": 3}",False,False,[],3,7,27381,CEN.PK2 - MAT A ::: pMOD4G-dcas9-mxi1 | pMOD-LTR1-Nat-pGRR-W8-RGR-W5 | pMOD-LTR2-Bleo-pGRR-W5W17-RGR-W8,"[2, 2, 3, 3, 3, 3]","[27382, 27391, 27658, 27667, 27652, 27661]"
152,"{""level"": ""2"", ""design"": ""b1"", ""total"": 3}",False,False,[],3,4,27386,CEN.PK2 - MAT A ::: pMOD4G-dcas9-mxi1 | pMOD-LTR2-Bleo-pGRR-W5W17-RGR-W8 | pMOD6-pGRR-W8W14-RGR-W5,"[2, 3, 3]","[27387, 27654, 27663]"
153,"{""level"": ""2"", ""design"": null, ""total"": 3}",True,True,"['Yeast Glycerol Stock', 'Yeast Plate']",3,4,27388,CEN.PK2 - MAT A ::: pMOD4G-dcas9-mxi1 | pMOD-HOKan-pGRR-W8-RGR-W20 | pMOD-LTR1-NatMX-pGRR-W8-RGR-W10,"[2, 3, 3]","[27389, 27621, 27632]"
154,"{""level"": ""1"", ""design"": null, ""total"": 3}",True,True,"['Yeast Glycerol Stock', 'Yeast Competent Cell', 'Yeast Plate']",4,4,27392,CEN.PK2 - MAT A ::: pMOD4G-dcas9-mxi1 | pMOD-LTR2-Bleo-pGRR-W8W20-RGR-W5,"[2, 3, 4]","[27393, 27394, 27573]"
155,"{""level"": ""2"", ""design"": ""b1"", ""total"": 3}",False,True,['Yeast Plate'],3,3,27393,CEN.PK2 - MAT A ::: pMOD4G-dcas9-mxi1 | pMOD-LTR2-Bleo-pGRR-W8W20-RGR-W5 | pMOD6-leu-pGRR-W5W34-RGR-W20,"[2, 3]","[27394, 27573]"
156,"{""level"": ""1"", ""design"": null, ""total"": 3}",False,False,[],4,7,27395,CEN.PK2 - MAT A ::: pMOD4G-dcas9-mxi1 | pMOD-LTR1-Nat-pGRR-W22W5-RGR-W20,"[2, 2, 3, 3, 4, 4]","[27396, 27414, 27397, 27415, 27572, 27570]"
157,"{""level"": ""2"", ""design"": ""b1"", ""total"": 3}",False,False,[],3,3,27396,CEN.PK2 - MAT A ::: pMOD4G-dcas9-mxi1 | pMOD-LTR1-Nat-pGRR-W22W5-RGR-W20 | pMOD-LTR2-Bleo-pGRR-W8W20-RGR-W5,"[2, 3]","[27397, 27572]"
158,"{""level"": ""1"", ""design"": null, ""total"": 3}",True,True,"['Yeast Glycerol Stock', 'Yeast Competent Cell', 'Yeast Plate']",4,15,27398,CEN.PK2 - MAT A ::: pMOD4G-dcas9-mxi1 | pMOD-LTR1-Nat-pGRR-W20-RGR-W34,"[2, 2, 3, 3, 3, 3, 3, 4, 4, 4, 4, 4]","[27497, 27513, 27400, 27417, 27498, 27514, 27515, 27558, 27553, 27551, 27547, 27546]"
159,"{""level"": ""2"", ""design"": null, ""total"": 3}",True,True,"['Yeast Glycerol Stock', 'Yeast Plate']",3,3,27399,CEN.PK2 - MAT A ::: pMOD4G-dcas9-mxi1 | pMOD-LTR1-Nat-pGRR-W20-RGR-W34 | pMOD-LTR2-Bleo-pGRR-W8W20-RGR-W5,"[2, 3]","[27400, 27558]"
160,"{""level"": ""1"", ""design"": null, ""total"": 3}",False,True,['Yeast 50ml culture'],4,15,27401,CEN.PK2 - MAT A ::: pMOD4G-dcas9-mxi1 | pMOD-HOKan-pGRR-W20-RGR-W34,"[2, 2, 2, 2, 3, 3, 3, 3, 3, 4, 4, 4, 4, 4]","[27402, 27418, 27499, 27516, 27403, 27419, 27500, 27517, 27518, 27554, 27552, 27550, 27545, 27544]"
161,"{""level"": ""2"", ""design"": null, ""total"": 3}",False,False,[],3,3,27402,CEN.PK2 - MAT A ::: pMOD4G-dcas9-mxi1 | pMOD-HOKan-pGRR-W20-RGR-W34 | pMOD-LTR2-Bleo-pGRR-W8W20-RGR-W5,"[2, 3]","[27403, 27554]"
162,"{""level"": ""2"", ""design"": null, ""total"": 3}",True,True,"['Yeast Glycerol Stock', 'Yeast Plate']",3,4,27404,CEN.PK2 - MAT A ::: pMOD4G-dcas9-mxi1 | pMOD-HOKan-pGRR-W8W36-RGR-W20 | pMOD-LTR1-NatMX-pGRR-W8-RGR-W10,"[2, 3, 3]","[27405, 27620, 27631]"
163,"{""level"": ""2"", ""design"": null, ""total"": 3}",False,False,[],3,4,27406,CEN.PK2 - MAT A ::: pMOD4G-dcas9-mxi1 | pMOD-HO-Leu2-pGRR-W8W36-RGR-W20 | pMOD-LTR1-NatMX-pGRR-W8-RGR-W10,"[2, 3, 3]","[27407, 27644, 27648]"
164,"{""level"": ""2"", ""design"": null, ""total"": 3}",False,False,[],3,4,27409,CEN.PK2 - MAT A ::: pMOD4G-dcas9-mxi1 | pMOD-HOKan-pGRR-W36W8-RGR-W20 | pMOD-LTR1-NatMX-pGRR-W8-RGR-W10,"[2, 3, 3]","[27410, 27619, 27630]"
165,"{""level"": ""1"", ""design"": null, ""total"": 3}",True,True,"['Yeast Glycerol Stock', 'Yeast Competent Cell', 'Yeast Plate']",4,4,27411,CEN.PK2 - MAT A ::: pMOD4G-dcas9-mxi1 | pMOD-LTR2-Bleo-pGRR-W20W8-RGR-W5,"[2, 3, 4]","[27412, 27413, 27571]"
166,"{""level"": ""2"", ""design"": ""b1"", ""total"": 3}",False,True,['Yeast Plate'],3,3,27412,CEN.PK2 - MAT A ::: pMOD4G-dcas9-mxi1 | pMOD-LTR2-Bleo-pGRR-W20W8-RGR-W5 | pMOD6-leu-pGRR-W5W34-RGR-W20,"[2, 3]","[27413, 27571]"
167,"{""level"": ""2"", ""design"": ""b1"", ""total"": 3}",False,False,[],3,3,27414,CEN.PK2 - MAT A ::: pMOD4G-dcas9-mxi1 | pMOD-LTR1-Nat-pGRR-W22W5-RGR-W20 | pMOD-LTR2-Bleo-pGRR-W20W8-RGR-W5,"[2, 3]","[27415, 27570]"
168,"{""level"": ""2"", ""design"": null, ""total"": 3}",True,True,"['Yeast Glycerol Stock', 'Yeast Plate']",3,3,27416,CEN.PK2 - MAT A ::: pMOD4G-dcas9-mxi1 | pMOD-LTR1-Nat-pGRR-W20-RGR-W34 | pMOD-LTR2-Bleo-pGRR-W20W8-RGR-W5,"[2, 3]","[27417, 27553]"
169,"{""level"": ""2"", ""design"": null, ""total"": 3}",False,False,[],3,3,27418,CEN.PK2 - MAT A ::: pMOD4G-dcas9-mxi1 | pMOD-HOKan-pGRR-W20-RGR-W34 | pMOD-LTR2-Bleo-pGRR-W20W8-RGR-W5,"[2, 3]","[27419, 27552]"
170,"{""level"": ""1"", ""design"": null, ""total"": 3}",True,True,"['Yeast Glycerol Stock', 'Yeast Competent Cell', 'Yeast Plate']",4,4,27420,CEN.PK2 - MAT A ::: pMOD4G-dcas9-mxi1 | pMOD-LTR1-Nat-pGRR-W36-RGR-W8,"[3, 4]","[27422, 27617]"
171,"{""level"": ""2"", ""design"": ""b1"", ""total"": 3}",True,True,"['Yeast Glycerol Stock', 'Yeast Plate']",3,3,27421,CEN.PK2 - MAT A ::: pMOD4G-dcas9-mxi1 | pMOD-LTR1-Nat-pGRR-W36-RGR-W8 | pMOD-LTR2-Bleo-pGRR-W20W8-RGR-W36,"[2, 3]","[27422, 27617]"
172,"{""level"": ""1"", ""design"": null, ""total"": 3}",False,True,['Yeast Plate'],4,4,27423,CEN.PK2 - MAT A ::: pMOD4G-dcas9-mxi1 | pMOD-LTR1-Nat-pGRR-F1W36-RGR-W20,"[2, 3, 4]","[27424, 27425, 27616]"
173,"{""level"": ""2"", ""design"": ""b1"", ""total"": 3}",False,False,[],3,3,27424,CEN.PK2 - MAT A ::: pMOD4G-dcas9-mxi1 | pMOD-LTR1-Nat-pGRR-F1W36-RGR-W20 | pMOD-LTR2-Bleo-pGRR-W20W8-RGR-W36,"[2, 3]","[27425, 27616]"
174,"{""level"": ""2"", ""design"": ""b1"", ""total"": 3}",True,True,"['Yeast Glycerol Stock', 'Yeast Plate']",3,3,27426,CEN.PK2 - MAT A ::: pMOD4G-dcas9-mxi1 | pMOD-LTR1-NatMx-pGRR-W5-RGR-W19 | pMOD-LTR3-bleo-pGRR-W19W8-RGR-W5,"[2, 3]","[27427, 27569]"
175,"{""level"": ""1"", ""design"": null, ""total"": 3}",True,True,"['Yeast Glycerol Stock', 'Yeast Plate']",4,6,27428,CEN.PK2 - MAT A ::: pMOD4G-dcas9-mxi1 | pMOD-HOKan-pGRR-W17-RGR-W20,"[2, 3, 3, 4, 4]","[27429, 27430, 27465, 27582, 27599]"
176,"{""level"": ""2"", ""design"": ""b1"", ""total"": 3}",False,False,[],3,5,27429,CEN.PK2 - MAT A ::: pMOD4G-dcas9-mxi1 | pMOD-HOKan-pGRR-W17-RGR-W20 | pMOD-LTR1-Nat-pGRR-W5W20-RGR-W17,"[2, 2, 3, 3]","[27430, 27465, 27582, 27599]"
177,"{""level"": ""1"", ""design"": null, ""total"": 3}",True,True,"['Yeast Glycerol Stock', 'Yeast Competent Cell', 'Yeast Plate']",4,7,27431,CEN.PK2 - MAT A ::: pMOD4G-dcas9-mxi1 | pMOD-LTR3-Hyg-pGRR-W17-RGR-W34,"[2, 3, 3, 4, 4]","[27432, 27433, 27484, 27581, 27576]"
178,"{""level"": ""2"", ""design"": ""b1"", ""total"": 3}",False,True,['Yeast Plate'],3,3,27432,CEN.PK2 - MAT A ::: pMOD4G-dcas9-mxi1 | pMOD-LTR3-Hyg-pGRR-W17-RGR-W34 | pMOD6-pGRR-W5W34-RGR-W17,"[2, 3]","[27433, 27581]"
179,"{""level"": ""1"", ""design"": null, ""total"": 3}",True,True,"['Yeast Glycerol Stock', 'Yeast Competent Cell', 'Yeast Plate']",4,7,27434,CEN.PK2 - MAT A ::: pMOD4G-dcas9-mxi1 | pMOD-HOKan-pGRR-W17-RGR-W34,"[2, 3, 3, 4, 4]","[27435, 27436, 27486, 27588, 27584]"
180,"{""level"": ""2"", ""design"": ""b1"", ""total"": 3}",False,True,['Yeast Plate'],3,3,27435,CEN.PK2 - MAT A ::: pMOD4G-dcas9-mxi1 | pMOD-HOKan-pGRR-W17-RGR-W34 | pMOD6-pGRR-W5W34-RGR-W17,"[2, 3]","[27436, 27588]"
181,"{""level"": ""1"", ""design"": null, ""total"": 3}",True,True,"['Yeast Glycerol Stock', 'Yeast Competent Cell', 'Yeast Plate']",4,7,27437,CEN.PK2 - MAT A ::: pMOD4G-dcas9-mxi1 | pMOD-LTR1-Nat-pGRR-W17-RGR-W34,"[3, 3, 4, 4]","[27439, 27488, 27580, 27575]"
182,"{""level"": ""2"", ""design"": ""b1"", ""total"": 3}",True,True,"['Yeast Glycerol Stock', 'Yeast Plate']",3,3,27438,CEN.PK2 - MAT A ::: pMOD4G-dcas9-mxi1 | pMOD-LTR1-Nat-pGRR-W17-RGR-W34 | pMOD6-pGRR-W5W34-RGR-W17,"[2, 3]","[27439, 27580]"
183,"{""level"": ""1"", ""design"": null, ""total"": 3}",True,True,"['Yeast Glycerol Stock', 'Yeast Competent Cell', 'Yeast Plate']",4,4,27440,CEN.PK2 - MAT A ::: pMOD4G-dcas9-mxi1 | pMOD-LTR3-bleo-pGRR-W19W17-RGR-W34,"[3, 4]","[27442, 27579]"
184,"{""level"": ""2"", ""design"": ""b1"", ""total"": 3}",True,True,"['Yeast Glycerol Stock', 'Yeast Plate']",3,3,27441,CEN.PK2 - MAT A ::: pMOD4G-dcas9-mxi1 | pMOD-LTR3-bleo-pGRR-W19W17-RGR-W34 | pMOD6-pGRR-W5W34-RGR-W17,"[2, 3]","[27442, 27579]"
185,"{""level"": ""2"", ""design"": null, ""total"": 3}",False,True,['Yeast Plate'],3,3,27443,CEN.PK2 - MAT A ::: pMOD4G-dcas9-mxi1 | pMOD-LTR1-NatMx-pGRR-W5-RGR-W19 | pMOD6-pGRR-F6W5-RGR-W17,"[2, 3]","[27444, 27597]"
186,"{""level"": ""2"", ""design"": null, ""total"": 3}",False,True,['Yeast Plate'],3,3,27445,CEN.PK2 - MAT A ::: pMOD4G-dcas9-mxi1 | pMOD-LTR1-NatMx-pGRR-W5-RGR-W19 | pMOD6-pGRR-F4W5-RGR-W17,"[2, 3]","[27446, 27596]"
187,"{""level"": ""1"", ""design"": null, ""total"": 3}",True,True,"['Yeast Glycerol Stock', 'Yeast Competent Cell', 'Yeast Plate']",4,8,27447,CEN.PK2 - MAT A ::: pMOD4G-dcas9-mxi1 | pMOD-LTR1-Nat-pGRR-W19-RGR-W34,"[3, 3, 3, 4, 4, 4]","[27449, 27450, 27451, 27608, 27614, 27613]"
188,"{""level"": ""2"", ""design"": ""b1"", ""total"": 3}",True,True,"['Yeast Glycerol Stock', 'Yeast Plate']",3,7,27448,CEN.PK2 - MAT A ::: pMOD4G-dcas9-mxi1 | pMOD-LTR1-Nat-pGRR-W19-RGR-W34 | pMOD-LTR2-Bleo-pGRR-W34W17-RGR-W19,"[2, 2, 2, 3, 3, 3]","[27449, 27450, 27451, 27608, 27614, 27613]"
189,"{""level"": ""2"", ""design"": ""b1"", ""total"": 3}",False,True,['Yeast Plate'],3,7,27452,CEN.PK2 - MAT A ::: pMOD4G-dcas9-mxi1 | pMOD-LTR2-Bleo-pGRR-W34W17-RGR-W19 | pMOD-LTR3-Hyg-pGRR-W19-RGR-W34,"[2, 2, 2, 3, 3, 3]","[27453, 27454, 27455, 27607, 27606, 27605]"
190,"{""level"": ""1"", ""design"": null, ""total"": 3}",True,True,"['Yeast Glycerol Stock', 'Yeast Competent Cell', 'Yeast Plate']",4,8,27456,CEN.PK2 - MAT A ::: pMOD4G-dcas9-mxi1 | pMOD-LTR1-Kanmx-pGRR-W19-RGR-W34,"[3, 3, 3, 4, 4, 4]","[27458, 27461, 27462, 27612, 27604, 27610]"
191,"{""level"": ""2"", ""design"": ""b1"", ""total"": 3}",True,True,"['Yeast Glycerol Stock', 'Yeast Plate']",3,7,27457,CEN.PK2 - MAT A ::: pMOD4G-dcas9-mxi1 | pMOD-LTR1-Kanmx-pGRR-W19-RGR-W34 | pMOD-LTR2-Bleo-pGRR-W34W17-RGR-W19,"[2, 2, 2, 3, 3, 3]","[27458, 27461, 27462, 27612, 27604, 27610]"
192,"{""level"": ""2"", ""design"": ""b1"", ""total"": 3}",True,True,"['Yeast Glycerol Stock', 'Yeast Plate']",3,7,27459,CEN.PK2 - MAT A ::: pMOD4G-dcas9-mxi1 | pMOD-LTR2-Bleo-pGRR-W34W17-RGR-W19 | pMOD-LTR3-Kanmx-pGRR-W19-RGR-W34,"[2, 2, 2, 3, 3, 3]","[27460, 27463, 27464, 27611, 27603, 27602]"
193,"{""level"": ""1"", ""design"": null, ""total"": 3}",True,True,"['Yeast Glycerol Stock', 'Yeast Competent Cell', 'Yeast Plate']",4,16,27472,CEN.PK2 - MAT A ::: pMOD4G-dcas9-mxi1 | pMOD-HOKan-pGRR-W17-RGR-W5,"[2, 3, 3, 3, 3, 3, 4, 4, 4, 4, 4]","[27475, 27474, 27476, 27478, 27480, 27482, 27587, 27586, 27585, 27578, 27577]"
194,"{""level"": ""2"", ""design"": null, ""total"": 3}",True,True,"['Yeast Glycerol Stock', 'Yeast Plate']",3,3,27473,CEN.PK2 - MAT A ::: pMOD4G-dcas9-mxi1 | pMOD-HOKan-pGRR-W17-RGR-W5 | pMOD-LTR3-bleo-pGRR-W19W17-RGR-W34,"[2, 3]","[27474, 27587]"
195,"{""level"": ""2"", ""design"": null, ""total"": 3}",False,True,['Yeast Plate'],3,3,27475,CEN.PK2 - MAT A ::: pMOD4G-dcas9-mxi1 | pMOD-HOKan-pGRR-W17-RGR-W5 | pMOD-LTR3-Hyg-pGRR-W17-RGR-W34,"[2, 3]","[27476, 27586]"
196,"{""level"": ""2"", ""design"": null, ""total"": 3}",True,True,"['Yeast Glycerol Stock', 'Yeast Plate']",3,3,27477,CEN.PK2 - MAT A ::: pMOD4G-dcas9-mxi1 | pMOD-HOKan-pGRR-W17-RGR-W5 | pMOD-LTR1-Nat-pGRR-W17-RGR-W34,"[2, 3]","[27478, 27585]"
197,"{""level"": ""2"", ""design"": null, ""total"": 3}",True,True,"['Yeast Glycerol Stock', 'Yeast Plate']",3,3,27479,CEN.PK2 - MAT A ::: pMOD4G-dcas9-mxi1 | pMOD-HOKan-pGRR-W17-RGR-W5 | pMOD-LTR2-Bleo-pGRR-W17W17-RGR-W19,"[2, 3]","[27480, 27578]"
198,"{""level"": ""2"", ""design"": null, ""total"": 3}",True,True,"['Yeast Glycerol Stock', 'Yeast Plate']",3,3,27481,CEN.PK2 - MAT A ::: pMOD4G-dcas9-mxi1 | pMOD-HOKan-pGRR-W17-RGR-W5 | pMOD-LTR2-Bleo-pGRR-W34W17-RGR-W19,"[2, 3]","[27482, 27577]"
199,"{""level"": ""2"", ""design"": null, ""total"": 3}",True,True,"['Yeast Glycerol Stock', 'Yeast Plate']",3,3,27483,CEN.PK2 - MAT A ::: pMOD4G-dcas9-mxi1 | pMOD-LTR3-Hyg-pGRR-W17-RGR-W34 | pMOD-LTR3-bleo-pGRR-W19W17-RGR-W5,"[2, 3]","[27484, 27576]"
200,"{""level"": ""2"", ""design"": null, ""total"": 3}",True,True,"['Yeast Glycerol Stock', 'Yeast Plate']",3,3,27485,CEN.PK2 - MAT A ::: pMOD4G-dcas9-mxi1 | pMOD-HOKan-pGRR-W17-RGR-W34 | pMOD-LTR3-bleo-pGRR-W19W17-RGR-W5,"[2, 3]","[27486, 27584]"
201,"{""level"": ""2"", ""design"": null, ""total"": 3}",True,True,"['Yeast Glycerol Stock', 'Yeast Plate']",3,3,27487,CEN.PK2 - MAT A ::: pMOD4G-dcas9-mxi1 | pMOD-LTR1-Nat-pGRR-W17-RGR-W34 | pMOD-LTR3-bleo-pGRR-W19W17-RGR-W5,"[2, 3]","[27488, 27575]"
202,"{""level"": ""2"", ""design"": null, ""total"": 3}",False,False,[],3,3,27489,CEN.PK2 - MAT A ::: pMOD4G-dcas9-mxi1 | pMOD-LTR2-Bleo-pGRR-W5W17-RGR-W8 | pMOD-NatMX-pGRR-W10W5-RGR-W14,"[2, 3]","[27490, 27568]"
203,"{""level"": ""1"", ""design"": null, ""total"": 3}",True,True,"['Yeast Glycerol Stock', 'Yeast Competent Cell', 'Yeast Plate']",4,4,27491,CEN.PK2 - MAT A ::: pMOD4G-dcas9-mxi1 | pMOD-LTR2-Bleo-pGRR-W5-RGR-W34,"[2, 3, 4]","[27492, 27493, 27566]"
204,"{""level"": ""2"", ""design"": null, ""total"": 3}",False,False,[],3,3,27492,CEN.PK2 - MAT A ::: pMOD4G-dcas9-mxi1 | pMOD-LTR2-Bleo-pGRR-W5-RGR-W34 | pMOD-NatMX-pGRR-W10W5-RGR-W14,"[2, 3]","[27493, 27566]"
205,"{""level"": ""1"", ""design"": null, ""total"": 3}",False,True,['Yeast Plate'],4,4,27494,CEN.PK2 - MAT A ::: pMOD4G-dcas9-mxi1 | pMOD-NatMX-pGRR-W10W5-RGR-W14,"[2, 3, 4]","[27495, 27496, 27565]"
206,"{""level"": ""2"", ""design"": null, ""total"": 3}",False,False,[],3,3,27495,CEN.PK2 - MAT A ::: pMOD4G-dcas9-mxi1 | pMOD-NatMX-pGRR-W10W5-RGR-W14 | pMOD6-pGRR-W5-RGR-W34,"[2, 3]","[27496, 27565]"
207,"{""level"": ""2"", ""design"": null, ""total"": 3}",False,False,[],3,3,27497,CEN.PK2 - MAT A ::: pMOD4G-dcas9-mxi1 | pMOD-LTR1-Nat-pGRR-W20-RGR-W34 | pMOD-LTR2-Bleo-pGRR-W20-RGR-W5,"[2, 3]","[27498, 27551]"
208,"{""level"": ""2"", ""design"": null, ""total"": 3}",False,False,[],3,3,27499,CEN.PK2 - MAT A ::: pMOD4G-dcas9-mxi1 | pMOD-HOKan-pGRR-W20-RGR-W34 | pMOD-LTR2-Bleo-pGRR-W20-RGR-W5,"[2, 3]","[27500, 27550]"
209,"{""level"": ""1"", ""design"": null, ""total"": 3}",False,False,[],4,5,27501,CEN.PK2 - MAT A ::: pMOD4G-dcas9-mxi1 | pMOD-LTR1-Nat-pGRR-W20W34-RGR-W10,"[2, 3, 4, 4]","[27502, 27503, 27561, 27563]"
210,"{""level"": ""2"", ""design"": ""b1"", ""total"": 3}",False,False,[],3,4,27502,CEN.PK2 - MAT A ::: pMOD4G-dcas9-mxi1 | pMOD-LTR1-Nat-pGRR-W20W34-RGR-W10 | pMOD-LTR2-Bleo-pGRR-W19W10-RGR-W20,"[2, 3, 3]","[27503, 27561, 27563]"
211,"{""level"": ""1"", ""design"": null, ""total"": 3}",False,False,[],4,7,27504,CEN.PK2 - MAT A ::: pMOD4G-dcas9-mxi1 | pMOD-HOKan-pGRR-W20-RGR-W5,"[2, 2, 3, 3, 4, 4]","[27505, 27507, 27506, 27508, 27557, 27556]"
212,"{""level"": ""2"", ""design"": null, ""total"": 3}",False,False,[],3,3,27505,CEN.PK2 - MAT A ::: pMOD4G-dcas9-mxi1 | pMOD-HOKan-pGRR-W20-RGR-W5 | pMOD-LTR2-Bleo-pGRR-W20-RGR-W34,"[2, 3]","[27506, 27557]"
213,"{""level"": ""2"", ""design"": null, ""total"": 3}",False,False,[],3,3,27507,CEN.PK2 - MAT A ::: pMOD4G-dcas9-mxi1 | pMOD-HOKan-pGRR-W20-RGR-W5 | pMOD-LTR1-Nat-pGRR-W20-RGR-W34,"[2, 3]","[27508, 27556]"
214,"{""level"": ""1"", ""design"": null, ""total"": 3}",True,True,"['Yeast Glycerol Stock', 'Yeast Competent Cell', 'Yeast Plate']",4,6,27509,CEN.PK2 - MAT A ::: pMOD4G-dcas9-mxi1 | pMOD-LTR2-Bleo-pGRR-W20-RGR-W34,"[2, 3, 3, 4, 4]","[27510, 27511, 27512, 27549, 27548]"
215,"{""level"": ""2"", ""design"": ""b1"", ""total"": 3}",False,True,['Yeast Plate'],3,5,27510,CEN.PK2 - MAT A ::: pMOD4G-dcas9-mxi1 | pMOD-LTR2-Bleo-pGRR-W20-RGR-W34 | pMOD6-leu-pGRR-W5W34-RGR-W20,"[2, 2, 3, 3]","[27511, 27512, 27549, 27548]"
216,"{""level"": ""2"", ""design"": ""b1"", ""total"": 3}",False,True,['Yeast Plate'],3,5,27513,CEN.PK2 - MAT A ::: pMOD4G-dcas9-mxi1 | pMOD-LTR1-Nat-pGRR-W20-RGR-W34 | pMOD6-leu-pGRR-W5W34-RGR-W20,"[2, 2, 3, 3]","[27514, 27515, 27547, 27546]"
217,"{""level"": ""2"", ""design"": ""b1"", ""total"": 3}",False,False,[],3,5,27516,CEN.PK2 - MAT A ::: pMOD4G-dcas9-mxi1 | pMOD-HOKan-pGRR-W20-RGR-W34 | pMOD6-leu-pGRR-W5W34-RGR-W20,"[2, 2, 3, 3]","[27517, 27518, 27545, 27544]"
218,inducible W20 strain,True,True,"['Yeast Glycerol Stock', 'Yeast Competent Cell']",3,20,24927,CEN.PK2 - MAT alpha ::: pMODKan-HO-pACT1-ZEV4 | pMOD8-pGALZ4-URGR-W20,"[2, 3, 3, 3, 3, 3, 3, 3, 3, 3, 3, 3, 3, 3, 3, 3, 3]","[27555, 27544, 27545, 27546, 27547, 27548, 27549, 27550, 27551, 27552, 27553, 27554, 27556, 27557, 27558, 27641, 27642]"
219,inducible yeast strain,True,True,"['Yeast Glycerol Stock', 'Yeast Competent Cell', 'Yeast Plate']",3,3,27559,CEN.PK2 - MAT alpha ::: pMODKan-HO-pACT1-ZEV4 | pMOD8-pGALZ4-RGR-W10,"[2, 3]","[27560, 27561]"
220,inducible W10 strain,True,True,"['Yeast Glycerol Stock', 'Yeast Competent Cell']",3,3,24943,CEN.PK2 - MAT alpha ::: pMODKan-HO-pACT1-ZEV4 | pMOD8-pGALZ4-URGR-W10,[3],[27563]
221,inducible W5 strain,True,True,['Yeast Glycerol Stock'],3,25,24940,CEN.PK2 - MAT alpha ::: pMODKan-HO-pACT1-ZEV4 | pMOD8-pGALZ4-URGR-W5,"[2, 3, 3, 3, 3, 3, 3, 3, 3, 3, 3, 3, 3, 3, 3, 3, 3, 3, 3]","[27564, 27565, 27566, 27568, 27569, 27570, 27571, 27572, 27573, 27590, 27591, 27592, 27593, 27594, 27595, 27596, 27597, 27676, 27677]"
222,inducible W17 strain,True,True,['Yeast Glycerol Stock'],3,23,24936,CEN.PK2 - MAT alpha ::: pMODKan-HO-pACT1-ZEV4 | pMOD8-pGALZ4-URGR-W17,"[3, 3, 3, 3, 3, 3, 3, 3, 3, 3, 3, 3, 3, 3, 3, 3, 3, 3]","[27575, 27576, 27577, 27578, 27579, 27580, 27581, 27582, 27584, 27585, 27586, 27587, 27588, 27599, 27679, 27680, 27681, 27682]"
223,inducible yeast strain,True,True,"['Yeast Glycerol Stock', 'Yeast Competent Cell', 'Yeast Plate']",3,15,27600,CEN.PK2 - MAT alpha ::: pMODKan-HO-pACT1-ZEV4 | pMOD8-pGALz4-RGR-W19,"[2, 3, 3, 3, 3, 3, 3, 3, 3, 3, 3, 3, 3]","[27609, 27602, 27603, 27604, 27605, 27606, 27607, 27608, 27610, 27611, 27612, 27613, 27614]"
224,inducible W36 strain,True,True,"['Yeast Glycerol Stock', 'Yeast Competent Cell']",3,11,24932,CEN.PK2 - MAT alpha ::: pMODKan-HO-pACT1-ZEV4 | pMOD8-pGALZ4-URGR-W36,"[3, 3, 3, 3, 3]","[27616, 27617, 27685, 27687, 27689]"
225,inducible W8 strain,True,True,"['Yeast Glycerol Stock', 'Yeast Competent Cell']",3,29,24942,CEN.PK2 - MAT alpha ::: pMODKan-HO-pACT1-ZEV4 | pMOD8-pGALZ4-URGR-W8,"[3, 3, 3, 3, 3, 3, 3, 3, 3, 3, 3, 3, 3, 3, 3, 3, 3, 3, 3, 3, 3, 3, 3]","[27619, 27620, 27621, 27622, 27623, 27624, 27625, 27626, 27627, 27628, 27644, 27645, 27646, 27652, 27653, 27654, 27655, 27656, 27657, 27658, 27659, 27670, 27691]"
226,beta estradiol inducible yeast strain with RGR-W8,True,True,"['Yeast Glycerol Stock', 'Yeast Competent Cell']",3,29,23610,CEN.PK2 - MAT alpha ::: pMODKan-HO-pACT1-ZEV4 | pMOD8-pGALZ4-RGR-W8,"[2, 3, 3, 3, 3, 3, 3, 3, 3, 3, 3, 3, 3, 3, 3, 3, 3, 3, 3, 3, 3, 3, 3, 3]","[27647, 27630, 27631, 27632, 27633, 27634, 27635, 27636, 27637, 27638, 27639, 27648, 27649, 27650, 27661, 27662, 27663, 27664, 27665, 27666, 27667, 27668, 27672, 27693]"
227,,True,True,"['Yeast Glycerol Stock', 'Yeast Competent Cell', 'Yeast Plate']",3,3,27318,CEN.PK2 - MAT A ::: pMOD4G-dcas9-mxi1 | pMOD-HOKan-pGRR-W8W36-RGR-W20 | pMOD-LTR2-Bleo-pGRR-W20W8-RGR-W36,"[2, 3]","[27319, 27689]"
228,A highly transformable yeast strain. Provided by Ginkgo Bioworks (t28359),True,True,"['Yeast cDNA', 'Isolated RNA', 'Yeast Competent Cell', 'Yeast 50ml culture', 'Yeast Overnight Suspension', 'Yeast Glycerol Stock']",6,323,22800,CEN.PK2 - MAT A,"[3, 3, 3, 3, 3, 3, 3, 3, 3, 3, 4, 4, 4, 4, 4, 4, 4, 4, 4, 4, 4, 4, 4, 4, 4, 4, 4, 4, 4, 4, 4, 4, 4, 4, 4, 4, 4, 4, 4, 4, 4, 4, 4, 4, 4, 4, 4, 4, 4, 4, 5, 5, 5, 5, 5, 5, 5, 5, 5, 5, 5, 5, 5, 5, 5, 5, 5, 5, 5, 5, 5, 5, 5, 5, 5, 5, 5, 5, 5, 5, 5, 5, 5, 5, 5, 5, 5, 5, 5, 5, 5, 5, 5, 5, 5, 5, 5, 5, 5, 5, 5, 5, 5, 5, 5, 5, 5, 5, 5, 5, 5, 5, 5, 5, 5, 5, 5, 5, 5, 5, 5, 5, 5, 5, 5, 5, 5, 5, 5, 5, 5, 5, 5, 5, 5, 5, 5, 5, 5, 5, 5, 5, 6, 6, 6, 6, 6, 6, 6, 6, 6, 6, 6, 6, 6, 6, 6, 6, 6, 6, 6, 6, 6, 6, 6, 6, 6, 6, 6, 6, 6, 6, 6, 6, 6, 6, 6, 6, 6, 6, 6, 6, 6, 6, 6, 6, 6, 6, 6, 6, 6, 6, 6, 6, 6, 6, 6, 6, 6, 6, 6, 6, 6, 6, 6, 6, 6, 6, 6, 6, 6, 6, 6, 6, 6, 6, 6, 6, 6, 6, 6, 6, 6, 6, 6, 6, 6, 6, 6, 6, 6, 6, 6, 6, 6, 6, 6, 6, 6, 6, 6, 6, 6, 6, 6, 6, 6, 6, 6, 6, 6, 6, 6, 6, 6, 6, 6, 6, 6]","[27339, 27374, 27377, 27380, 27395, 27401, 27423, 27494, 27501, 27504, 27323, 27363, 27406, 27365, 27409, 27443, 27445, 27340, 27345, 27347, 27452, 27356, 27359, 27375, 27378, 27386, 27489, 27381, 27393, 27396, 27414, 27497, 27513, 27402, 27418, 27499, 27516, 27412, 27424, 27429, 27432, 27435, 27475, 27492, 27495, 27502, 27505, 27507, 27510, 27361, 27324, 27408, 27331, 27364, 27372, 27407, 27327, 27366, 27373, 27410, 27338, 27466, 27467, 27468, 27469, 27470, 27471, 27427, 27444, 27446, 27341, 27346, 27344, 27348, 27453, 27454, 27455, 27460, 27463, 27464, 27357, 27370, 27389, 27360, 27369, 27376, 27390, 27379, 27383, 27384, 27385, 27387, 27490, 27382, 27391, 27394, 27397, 27415, 27400, 27417, 27498, 27514, 27515, 27403, 27419, 27500, 27517, 27518, 27413, 27422, 27425, 27430, 27465, 27433, 27484, 27436, 27486, 27439, 27488, 27442, 27449, 27450, 27451, 27458, 27461, 27462, 27474, 27476, 27478, 27480, 27482, 27493, 27496, 27503, 27506, 27508, 27511, 27512, 27362, 27371, 27405, 27319, 27642, 27641, 27685, 27645, 27649, 27623, 27634, 27644, 27648, 27687, 27626, 27637, 27622, 27633, 27619, 27630, 27677, 27676, 27595, 27594, 27593, 27592, 27591, 27590, 27569, 27597, 27596, 27682, 27680, 27681, 27679, 27607, 27606, 27605, 27611, 27603, 27602, 27628, 27639, 27625, 27636, 27621, 27632, 27646, 27650, 27691, 27693, 27659, 27668, 27653, 27662, 27670, 27672, 27657, 27666, 27656, 27665, 27655, 27664, 27654, 27663, 27568, 27658, 27667, 27652, 27661, 27573, 27572, 27570, 27558, 27553, 27551, 27547, 27546, 27554, 27552, 27550, 27545, 27544, 27571, 27617, 27616, 27582, 27599, 27581, 27576, 27588, 27584, 27580, 27575, 27579, 27608, 27614, 27613, 27612, 27604, 27610, 27587, 27586, 27585, 27578, 27577, 27566, 27565, 27561, 27563, 27557, 27556, 27549, 27548, 27627, 27638, 27624, 27635, 27620, 27631, 27689]"
229,strain with ZEV4 transcription factor,True,True,"['Yeast Glycerol Stock', 'Yeast Competent Cell']",4,159,23534,CEN.PK2 - MAT alpha ::: pMODKan-HO-pACT1-ZEV4,"[3, 3, 3, 3, 3, 4, 4, 4, 4, 4, 4, 4, 4, 4, 4, 4, 4, 4, 4, 4, 4, 4, 4, 4, 4, 4, 4, 4, 4, 4, 4, 4, 4, 4, 4, 4, 4, 4, 4, 4, 4, 4, 4, 4, 4, 4, 4, 4, 4, 4, 4, 4, 4, 4, 4, 4, 4, 4, 4, 4, 4, 4, 4, 4, 4, 4, 4, 4, 4, 4, 4, 4, 4, 4, 4, 4, 4, 4, 4, 4, 4, 4, 4, 4, 4, 4, 4, 4, 4, 4, 4, 4, 4, 4, 4, 4, 4, 4, 4, 4, 4, 4, 4, 4, 4, 4, 4, 4, 4, 4, 4, 4, 4, 4, 4, 4, 4, 4, 4, 4, 4, 4]","[27555, 27560, 27564, 27609, 27647, 27544, 27545, 27546, 27547, 27548, 27549, 27550, 27551, 27552, 27553, 27554, 27556, 27557, 27558, 27641, 27642, 27561, 27563, 27565, 27566, 27568, 27569, 27570, 27571, 27572, 27573, 27590, 27591, 27592, 27593, 27594, 27595, 27596, 27597, 27676, 27677, 27575, 27576, 27577, 27578, 27579, 27580, 27581, 27582, 27584, 27585, 27586, 27587, 27588, 27599, 27679, 27680, 27681, 27682, 27602, 27603, 27604, 27605, 27606, 27607, 27608, 27610, 27611, 27612, 27613, 27614, 27616, 27617, 27685, 27687, 27689, 27619, 27620, 27621, 27622, 27623, 27624, 27625, 27626, 27627, 27628, 27644, 27645, 27646, 27652, 27653, 27654, 27655, 27656, 27657, 27658, 27659, 27670, 27691, 27630, 27631, 27632, 27633, 27634, 27635, 27636, 27637, 27638, 27639, 27648, 27649, 27650, 27661, 27662, 27663, 27664, 27665, 27666, 27667, 27668, 27672, 27693]"
230,A highly transformable yeast strain. Provided by Ginkgo Bioworks (t28360),True,True,['Yeast Glycerol Stock'],5,160,22801,CEN.PK2 - MAT alpha,"[4, 4, 4, 4, 4, 5, 5, 5, 5, 5, 5, 5, 5, 5, 5, 5, 5, 5, 5, 5, 5, 5, 5, 5, 5, 5, 5, 5, 5, 5, 5, 5, 5, 5, 5, 5, 5, 5, 5, 5, 5, 5, 5, 5, 5, 5, 5, 5, 5, 5, 5, 5, 5, 5, 5, 5, 5, 5, 5, 5, 5, 5, 5, 5, 5, 5, 5, 5, 5, 5, 5, 5, 5, 5, 5, 5, 5, 5, 5, 5, 5, 5, 5, 5, 5, 5, 5, 5, 5, 5, 5, 5, 5, 5, 5, 5, 5, 5, 5, 5, 5, 5, 5, 5, 5, 5, 5, 5, 5, 5, 5, 5, 5, 5, 5, 5, 5, 5, 5, 5, 5, 5]","[27555, 27560, 27564, 27609, 27647, 27544, 27545, 27546, 27547, 27548, 27549, 27550, 27551, 27552, 27553, 27554, 27556, 27557, 27558, 27641, 27642, 27561, 27563, 27565, 27566, 27568, 27569, 27570, 27571, 27572, 27573, 27590, 27591, 27592, 27593, 27594, 27595, 27596, 27597, 27676, 27677, 27575, 27576, 27577, 27578, 27579, 27580, 27581, 27582, 27584, 27585, 27586, 27587, 27588, 27599, 27679, 27680, 27681, 27682, 27602, 27603, 27604, 27605, 27606, 27607, 27608, 27610, 27611, 27612, 27613, 27614, 27616, 27617, 27685, 27687, 27689, 27619, 27620, 27621, 27622, 27623, 27624, 27625, 27626, 27627, 27628, 27644, 27645, 27646, 27652, 27653, 27654, 27655, 27656, 27657, 27658, 27659, 27670, 27691, 27630, 27631, 27632, 27633, 27634, 27635, 27636, 27637, 27638, 27639, 27648, 27649, 27650, 27661, 27662, 27663, 27664, 27665, 27666, 27667, 27668, 27672, 27693]"
